History,l = 3,,time (l = 3),action sparsity (l = 3),mean predicate sparsity (l = 3),l = 5,,time (l = 5),action sparsity (l = 5),mean predicate sparsity (l = 5)
"[(3, 3, 19, 3, 10), 2, (3, 3, 35, 3, 10), 2, (4, 3, 19, 4, 10), 2, (4, 4, 19, 4, 10), 2, (5, 4, 19, 5, 10), 2, (5, 5, 19, 5, 10), 2, (6, 5, 19, 6, 10), 2, (7, 6, 19, 7, 10), 1, (6, 7, 29, 6, 10), 2, (7, 6, 29, 7, 10), 1, (7, 7, 19, 7, 10), 1, (15, 7, 19, 8, 10), 1, (23, 15, 29, 9, 10)]","[-0.02933, -0.02933, 0.01067, 0.01067, -0.044, 0.056, 0.01333, -0.024, 0.04, -0.072, -0.072, 0.22667, 0.22667, 0.23733]","[(4, None, None, None, None), (None, 5, None, 5, None), (None, 7, None, 6, None), (None, 7, None, 8, None), 'specific_part']",0.17914583099991432,0.6363636363636364,0.8125,"[-0.01387, -0.01387, -0.02683, 0.0752, -0.0256, -0.0256, -0.04373, -0.0328, 0.08261, 0.13904, 0.08261, 0.08261, 0.02555]","[(None, 4, None, 4, None), (None, 7, None, None, None), 'specific_part']",3.845884054000635,0.8181818181818181,0.875
"[(3, 3, 35, 3, 10), 2, (4, 3, 19, 4, 10), 2, (4, 4, 19, 4, 10), 2, (5, 4, 19, 5, 10), 2, (5, 5, 19, 5, 10), 2, (6, 5, 19, 6, 10), 2, (7, 6, 19, 7, 10), 1, (6, 7, 29, 6, 10), 2, (7, 6, 29, 7, 10), 1, (7, 7, 19, 7, 10), 1, (15, 7, 19, 8, 10), 1, (23, 15, 29, 9, 10), 1, (22, 23, 29, 8, 10)]","[-0.02933, 0.01067, 0.01067, -0.044, 0.056, 0.01333, -0.024, 0.04, -0.072, -0.072, 0.22667, 0.23733, 0.02267]","[(4, None, None, None, None), (None, 5, None, 5, None), (None, 7, None, 6, None), (None, 7, None, 8, None), 'specific_part']",0.16368602800139342,0.6363636363636364,0.8125,"[-0.01387, -0.02683, 0.0752, -0.0256, -0.0256, -0.04373, -0.0328, 0.13904, 0.08261, 0.08261, 0.02555, -0.09296]","[(None, 4, None, 4, None), (None, 7, None, None, None), 'specific_part']",3.7845380589988054,0.8181818181818181,0.875
"[(4, 3, 19, 4, 10), 2, (4, 4, 19, 4, 10), 2, (5, 4, 19, 5, 10), 2, (5, 5, 19, 5, 10), 2, (6, 5, 19, 6, 10), 2, (7, 6, 19, 7, 10), 1, (6, 7, 29, 6, 10), 2, (7, 6, 29, 7, 10), 1, (7, 7, 19, 7, 10), 1, (15, 7, 19, 8, 10), 1, (23, 15, 29, 9, 10), 1, (22, 23, 29, 8, 10), 1, (23, 22, 19, 9, 10)]","[0.01067, 0.01067, -0.044, 0.056, 0.01333, -0.024, 0.04, -0.072, -0.072, 0.23733, 0.02267, 0.168]","[(None, 5, None, 5, None), (None, 7, None, 6, None), (None, 7, None, 8, None), 'specific_part']",0.13144353800089448,0.7272727272727273,0.75,"[0.01984, 0.01984, -0.02704, -0.02704, -0.03397, -0.03275, -0.03275, -0.03621, -0.02293, -0.03621, 0.08261, 0.08261, 0.02555, -0.09296, 0.02944]","[(7, None, None, None, None), (None, 6, None, 7, None), 'specific_part']",4.492751578000025,0.8181818181818181,0.875
"[(4, 4, 19, 4, 10), 2, (5, 4, 19, 5, 10), 2, (5, 5, 19, 5, 10), 2, (6, 5, 19, 6, 10), 2, (7, 6, 19, 7, 10), 1, (6, 7, 29, 6, 10), 2, (7, 6, 29, 7, 10), 1, (7, 7, 19, 7, 10), 1, (15, 7, 19, 8, 10), 1, (23, 15, 29, 9, 10), 1, (22, 23, 29, 8, 10), 1, (23, 22, 19, 9, 10), 1, (31, 23, 46, 10, 10)]","[0.01067, -0.044, 0.056, 0.01333, -0.024, -0.024, 0.01333, -0.024, 0.056, 0.01067, -0.048, 0.02267, 0.168, 0.02267]","[(None, 5, None, 5, None), (None, 7, None, 6, None), (None, 7, None, 7, None), (None, 23, None, 8, None), 'specific_part']",0.17483345400069084,0.6363636363636364,0.75,"[-0.01749, -0.01091, -0.00512, -0.00875, -0.00656, -0.00875, -0.00656, 0.08261, 0.02555, -0.09296, 0.02944, -0.09296]","[(None, 5, None, 5, None), (None, 7, None, 7, None), 'specific_part']",3.6181257919997734,0.8181818181818181,0.75
"[(5, 4, 19, 5, 10), 2, (5, 5, 19, 5, 10), 2, (6, 5, 19, 6, 10), 2, (7, 6, 19, 7, 10), 1, (6, 7, 29, 6, 10), 2, (7, 6, 29, 7, 10), 1, (7, 7, 19, 7, 10), 1, (15, 7, 19, 8, 10), 1, (23, 15, 29, 9, 10), 1, (22, 23, 29, 8, 10), 1, (23, 22, 19, 9, 10), 1, (31, 23, 46, 10, 10), 1, (39, 31, 46, 11, 10)]","[-0.044, 0.056, 0.01333, -0.024, -0.024, 0.01333, -0.024, 0.056, 0.01067, -0.048, 0.168, 0.02267, -0.16]","[(None, 5, None, 5, None), (None, 7, None, 6, None), (None, 7, None, 7, None), (None, 23, None, 8, None), 'specific_part']",0.16281485599938605,0.6363636363636364,0.75,"[-0.00512, -0.00512, -0.00875, -0.00656, 0.01344, -0.00128, -0.00128, -0.01547, -0.01451, 0.02555, -0.09296, 0.02944, -0.09296, -0.14048]","[(None, 7, None, 6, None), (None, 23, None, 8, None), 'specific_part']",4.22901926600025,0.8181818181818181,0.75
"[(5, 5, 19, 5, 10), 2, (6, 5, 19, 6, 10), 2, (7, 6, 19, 7, 10), 1, (6, 7, 29, 6, 10), 2, (7, 6, 29, 7, 10), 1, (7, 7, 19, 7, 10), 1, (15, 7, 19, 8, 10), 1, (23, 15, 29, 9, 10), 1, (22, 23, 29, 8, 10), 1, (23, 22, 19, 9, 10), 1, (31, 23, 46, 10, 10), 1, (39, 31, 46, 11, 10), 2, (39, 39, 29, 11, 10)]","[-0.06533, -0.06133, -0.07733, -0.06133, -0.14667, -0.14667, -0.24, -0.056, -0.04667, -0.05533, 0.02267, -0.16, -0.10533]","[(6, None, None, None, None), (7, None, None, None, None), (None, 15, None, None, None), (None, None, 19, 9, None), 'specific_part']",0.18865458999971452,0.6363636363636364,0.9375,"[-0.00512, -0.00875, -0.00656, 0.01344, -0.00128, -0.00128, -0.01547, -0.01451, -0.09296, 0.02944, -0.09296, -0.14048, -0.09688]","[(None, 7, None, 6, None), (None, 23, None, 8, None), 'specific_part']",3.994634800001222,0.8181818181818181,0.75
"[(6, 5, 19, 6, 10), 2, (7, 6, 19, 7, 10), 1, (6, 7, 29, 6, 10), 2, (7, 6, 29, 7, 10), 1, (7, 7, 19, 7, 10), 1, (15, 7, 19, 8, 10), 1, (23, 15, 29, 9, 10), 1, (22, 23, 29, 8, 10), 1, (23, 22, 19, 9, 10), 1, (31, 23, 46, 10, 10), 1, (39, 31, 46, 11, 10), 2, (39, 39, 29, 11, 10), 1, (39, 39, 29, 11, 10)]","[-0.07533, -0.02533, -0.128, -0.096, -0.128, 0.09067, 0.00533, -0.06533, 0.24, 0.05333, -0.16, -0.16, -0.10533, -0.28667]","[(None, None, None, 6, None), (None, None, None, 7, None), (22, None, None, None, None), (None, 31, None, None, None), 'specific_part']",0.22804271400127618,0.6363636363636364,1.0,"[-0.00875, -0.00656, 0.01344, -0.00128, -0.00128, -0.01547, -0.01451, 0.02944, -0.09296, -0.14048, -0.09688, -0.18712]","[(None, 7, None, 6, None), (None, 23, None, 8, None), 'specific_part']",3.8826137309988553,0.8181818181818181,0.75
"[(7, 6, 29, 7, 10), 1, (7, 7, 19, 7, 10), 1, (15, 7, 19, 8, 10), 1, (23, 15, 29, 9, 10), 1, (22, 23, 29, 8, 10), 1, (23, 22, 19, 9, 10), 1, (31, 23, 46, 10, 10), 1, (39, 31, 46, 11, 10), 2, (39, 39, 29, 11, 10), 1, (39, 39, 29, 11, 10), 1, (47, 39, 54, 12, 10), 2, (47, 47, 46, 12, 10), 2, (39, 47, 46, 11, 10)]","[-0.024, 0.056, 0.01067, -0.048, 0.088, 0.032, -0.088, 0.06667, -0.14667, -0.14667, -0.28667, 0.06533, 0.06533]","[(None, 7, None, 7, None), (None, 23, None, 8, None), (None, 31, None, 11, None), (None, 39, None, None, None), 'specific_part']",0.16154744699997536,0.6363636363636364,0.8125,"[-0.03232, -0.03232, -0.03661, -0.01677, -0.03348, 0.06987, -0.01707, -0.00293, -0.09467, -0.09467, -0.09688, -0.18712, -0.18712, 0.06912, 0.06912]","[(None, None, 19, 9, None), (None, 39, None, None, None), 'specific_part']",4.050439988999642,0.8181818181818181,0.875
"[(7, 7, 19, 7, 10), 1, (15, 7, 19, 8, 10), 1, (23, 15, 29, 9, 10), 1, (22, 23, 29, 8, 10), 1, (23, 22, 19, 9, 10), 1, (31, 23, 46, 10, 10), 1, (39, 31, 46, 11, 10), 2, (39, 39, 29, 11, 10), 1, (39, 39, 29, 11, 10), 1, (47, 39, 54, 12, 10), 2, (47, 47, 46, 12, 10), 2, (39, 47, 46, 11, 10), 1, (38, 39, 29, 10, 10)]","[0.056, 0.01067, -0.048, 0.088, 0.032, -0.088, 0.06667, -0.14667, -0.14667, 0.06533, 0.06533, -0.28667]","[(None, 23, None, 8, None), (None, 31, None, 11, None), (None, 39, None, None, None), 'specific_part']",0.12725427300028969,0.7272727272727273,0.8333333333333334,"[-0.03232, -0.03661, -0.01677, -0.03348, 0.06987, -0.01707, -0.00293, -0.09467, -0.09467, -0.18712, -0.18712, 0.06912, 0.06912, -0.18712]","[(None, None, 19, 9, None), (None, 39, None, None, None), 'specific_part']",3.9290099600002577,0.8181818181818181,0.875
"[(15, 7, 19, 8, 10), 1, (23, 15, 29, 9, 10), 1, (22, 23, 29, 8, 10), 1, (23, 22, 19, 9, 10), 1, (31, 23, 46, 10, 10), 1, (39, 31, 46, 11, 10), 2, (39, 39, 29, 11, 10), 1, (39, 39, 29, 11, 10), 1, (47, 39, 54, 12, 10), 2, (47, 47, 46, 12, 10), 2, (39, 47, 46, 11, 10), 1, (38, 39, 29, 10, 10), 3, (30, 38, 29, 9, 10)]","[0.01067, -0.048, 0.088, 0.032, -0.088, 0.06667, -0.14667, -0.14667, 0.016, 0.016, -0.14, 0.06533, -0.28667, 0.37467]","[(None, 23, None, 8, None), (None, 31, None, 11, None), (None, 39, None, None, None), (None, None, None, 10, None), 'specific_part']",0.18530294300035166,0.6363636363636364,0.875,"[-0.03661, -0.01677, -0.03348, 0.03627, 0.00741, 0.01253, -0.01925, -0.01925, -0.00827, -0.00827, 0.01291, 0.01291, -0.00827, -0.18712, 0.06912, 0.06912, -0.18712, 0.31459]","[(None, None, 19, 9, None), (None, 39, None, 12, None), (38, None, None, None, None), 'specific_part']",4.9042728660006105,0.7272727272727273,0.8333333333333334
"[(23, 15, 29, 9, 10), 1, (22, 23, 29, 8, 10), 1, (23, 22, 19, 9, 10), 1, (31, 23, 46, 10, 10), 1, (39, 31, 46, 11, 10), 2, (39, 39, 29, 11, 10), 1, (39, 39, 29, 11, 10), 1, (47, 39, 54, 12, 10), 2, (47, 47, 46, 12, 10), 2, (39, 47, 46, 11, 10), 1, (38, 39, 29, 10, 10), 3, (30, 38, 29, 9, 10), 2, (22, 30, 29, 8, 10)]","[-0.048, 0.088, 0.032, -0.088, 0.06667, -0.14667, -0.14667, 0.016, 0.016, -0.14, -0.28667, 0.37467, 0.31867]","[(None, 23, None, 8, None), (None, 31, None, 11, None), (None, 39, None, None, None), (None, None, None, 10, None), 'specific_part']",0.1783173989988427,0.6363636363636364,0.875,"[-0.01677, -0.03348, 0.03627, 0.00741, 0.01253, -0.01925, -0.01925, -0.00827, -0.00827, 0.01291, 0.01291, -0.00827, 0.06912, 0.06912, -0.18712, 0.31459, 0.21349]","[(None, None, 19, 9, None), (None, 39, None, 12, None), (38, None, None, None, None), 'specific_part']",4.7072960320001584,0.7272727272727273,0.8333333333333334
"[(22, 23, 29, 8, 10), 1, (23, 22, 19, 9, 10), 1, (31, 23, 46, 10, 10), 1, (39, 31, 46, 11, 10), 2, (39, 39, 29, 11, 10), 1, (39, 39, 29, 11, 10), 1, (47, 39, 54, 12, 10), 2, (47, 47, 46, 12, 10), 2, (39, 47, 46, 11, 10), 1, (38, 39, 29, 10, 10), 3, (30, 38, 29, 9, 10), 2, (22, 30, 29, 8, 10), 2, (30, 22, 46, 9, 10)]","[0.088, 0.032, -0.088, 0.06667, -0.14667, -0.14667, 0.016, 0.016, -0.14, 0.37467, 0.31867, 0.296]","[(None, 31, None, 11, None), (None, 39, None, None, None), (None, None, None, 10, None), 'specific_part']",0.1532011090002925,0.7272727272727273,0.9166666666666666,"[-0.03348, 0.03627, 0.00741, 0.01253, -0.01925, -0.01925, -0.00827, -0.00827, 0.01291, 0.01291, -0.00827, 0.06912, -0.18712, 0.31459, 0.21349, 0.11968]","[(None, None, 19, 9, None), (None, 39, None, 12, None), (38, None, None, None, None), 'specific_part']",4.540716371000599,0.7272727272727273,0.8333333333333334
"[(23, 22, 19, 9, 10), 1, (31, 23, 46, 10, 10), 1, (39, 31, 46, 11, 10), 2, (39, 39, 29, 11, 10), 1, (39, 39, 29, 11, 10), 1, (47, 39, 54, 12, 10), 2, (47, 47, 46, 12, 10), 2, (39, 47, 46, 11, 10), 1, (38, 39, 29, 10, 10), 3, (30, 38, 29, 9, 10), 2, (22, 30, 29, 8, 10), 2, (30, 22, 46, 9, 10), 2, (31, 30, 46, 10, 10)]","[0.032, -0.088, 0.032, -0.0, -0.0, 0.01733, 0.01733, -0.012, -0.008, -0.01867, 0.1, 0.31867, 0.296, 0.31867]","[(None, 31, None, 11, None), (None, 39, None, 12, None), (38, None, None, None, None), (30, None, None, None, None), 'specific_part']",0.14409883600092144,0.6363636363636364,0.875,"[0.03627, 0.00741, 0.01253, -0.01925, -0.01925, -0.00827, -0.00827, 0.01291, 0.01291, -0.00827, -0.18712, 0.31459, 0.21349, 0.11968, 0.21349]","[(None, 39, None, 12, None), (38, None, None, None, None), 'specific_part']",3.3258660020001116,0.8181818181818181,0.875
"[(31, 23, 46, 10, 10), 1, (39, 31, 46, 11, 10), 2, (39, 39, 29, 11, 10), 1, (39, 39, 29, 11, 10), 1, (47, 39, 54, 12, 10), 2, (47, 47, 46, 12, 10), 2, (39, 47, 46, 11, 10), 1, (38, 39, 29, 10, 10), 3, (30, 38, 29, 9, 10), 2, (22, 30, 29, 8, 10), 2, (30, 22, 46, 9, 10), 2, (31, 30, 46, 10, 10), 1, (39, 31, 29, 11, 10)]","[-0.088, 0.032, -0.0, -0.0, 0.01733, 0.01733, -0.012, 0.15067, 0.04133, 0.02933, 0.296, 0.31867, -0.16]","[(None, 31, None, 11, None), (None, 39, None, 12, None), (38, None, None, None, None), (None, None, None, 9, None), 'specific_part']",0.15907152100044186,0.6363636363636364,0.875,"[0.00741, 0.01253, -0.01925, -0.01925, -0.00827, -0.00827, 0.01291, 0.01291, -0.00827, 0.31459, 0.21349, 0.11968, 0.21349, -0.14048]","[(None, 39, None, 12, None), (38, None, None, None, None), 'specific_part']",3.1316591710001376,0.8181818181818181,0.875
"[(39, 31, 46, 11, 10), 2, (39, 39, 29, 11, 10), 1, (39, 39, 29, 11, 10), 1, (47, 39, 54, 12, 10), 2, (47, 47, 46, 12, 10), 2, (39, 47, 46, 11, 10), 1, (38, 39, 29, 10, 10), 3, (30, 38, 29, 9, 10), 2, (22, 30, 29, 8, 10), 2, (30, 22, 46, 9, 10), 2, (31, 30, 46, 10, 10), 1, (39, 31, 29, 11, 10), 2, (39, 39, 29, 11, 10)]","[0.032, -0.0, -0.0, 0.01733, 0.01733, -0.012, 0.15067, 0.04133, 0.02933, 0.31867, -0.16, -0.10533]","[(None, 39, None, 12, None), (38, None, None, None, None), (None, None, None, 9, None), 'specific_part']",0.13980601699950057,0.7272727272727273,0.9166666666666666,"[0.01253, -0.01925, -0.01925, -0.00827, -0.00827, 0.01291, 0.01291, -0.00827, -0.01781, 0.00368, 0.00368, -0.01781, 0.05005, 0.21349, 0.11968, 0.21349, -0.14048, -0.09688]","[(None, 39, None, 12, None), (38, None, None, None, None), (30, None, None, None, None), 'specific_part']",4.521264520999466,0.7272727272727273,0.9166666666666666
"[(1, 0, 41, 1, 10), 2, (9, 1, 19, 2, 10), 2, (1, 9, 19, 1, 10), 2, (2, 1, 42, 2, 10), 2, (3, 2, 19, 3, 10), 1, (11, 3, 35, 4, 10), 3, (12, 11, 19, 5, 10), 2, (13, 12, 29, 6, 10), 2, (5, 13, 29, 5, 10), 1, (6, 5, 19, 6, 10), 2, (7, 6, 19, 7, 10), 1, (15, 7, 29, 8, 10), 1, (23, 15, 19, 9, 10)]","[-0.072, -0.004, -0.072, 0.05067, -0.03867, 0.02, 0.01333, -0.004, -0.02667, -0.024, 0.04, -0.072, 0.128, 0.22667, 0.23733]","[(None, 1, 42, None, None), (12, None, None, None, None), (6, 5, None, None, None), (None, 7, None, 8, None), 'specific_part']",0.15398021699911624,0.6363636363636364,0.8125,"[-0.00733, 0.00837, -0.00733, -0.01136, 0.01247, 0.02848, 0.01523, 0.00707, 0.02971, -0.01819, 0.21525, 0.10064, 0.13904, 0.08261, 0.02555]","[(None, None, 35, 4, None), (13, None, None, None, None), 'specific_part']",4.398971524000444,0.8181818181818181,0.875
"[(9, 1, 19, 2, 10), 2, (1, 9, 19, 1, 10), 2, (2, 1, 42, 2, 10), 2, (3, 2, 19, 3, 10), 1, (11, 3, 35, 4, 10), 3, (12, 11, 19, 5, 10), 2, (13, 12, 29, 6, 10), 2, (5, 13, 29, 5, 10), 1, (6, 5, 19, 6, 10), 2, (7, 6, 19, 7, 10), 1, (15, 7, 29, 8, 10), 1, (23, 15, 19, 9, 10), 1, (31, 23, 46, 10, 10)]","[-0.004, -0.072, 0.05067, -0.03867, 0.02, 0.01333, -0.004, -0.02667, -0.024, 0.04, -0.072, 0.22667, 0.23733, 0.02267]","[(None, 1, 42, None, None), (12, None, None, None, None), (6, 5, None, None, None), (None, 7, None, 8, None), 'specific_part']",0.1729316689998086,0.6363636363636364,0.8125,"[0.00837, -0.00733, -0.01136, 0.01247, -0.02117, 0.06032, -0.02763, -0.01307, -0.00227, 0.10064, 0.13904, 0.08261, 0.02555, -0.09296]","[(None, None, 35, 4, None), (6, 5, None, None, None), 'specific_part']",3.6684406510012195,0.8181818181818181,0.75
"[(1, 9, 19, 1, 10), 2, (2, 1, 42, 2, 10), 2, (3, 2, 19, 3, 10), 1, (11, 3, 35, 4, 10), 3, (12, 11, 19, 5, 10), 2, (13, 12, 29, 6, 10), 2, (5, 13, 29, 5, 10), 1, (6, 5, 19, 6, 10), 2, (7, 6, 19, 7, 10), 1, (15, 7, 29, 8, 10), 1, (23, 15, 19, 9, 10), 1, (31, 23, 46, 10, 10), 1, (39, 31, 29, 11, 10)]","[-0.072, 0.05067, -0.03867, 0.02, 0.01333, -0.004, -0.02667, -0.024, 0.04, -0.072, 0.23733, 0.02267, -0.16]","[(None, 1, 42, None, None), (12, None, None, None, None), (6, 5, None, None, None), (None, 7, None, 8, None), 'specific_part']",0.16232774699892616,0.6363636363636364,0.8125,"[-0.00733, -0.01136, 0.01247, -0.02117, 0.06032, -0.02763, -0.01307, -0.00227, 0.13904, 0.08261, 0.02555, -0.09296, -0.14048]","[(None, None, 35, 4, None), (6, 5, None, None, None), 'specific_part']",3.4469583300015074,0.8181818181818181,0.75
"[(2, 1, 42, 2, 10), 2, (3, 2, 19, 3, 10), 1, (11, 3, 35, 4, 10), 3, (12, 11, 19, 5, 10), 2, (13, 12, 29, 6, 10), 2, (5, 13, 29, 5, 10), 1, (6, 5, 19, 6, 10), 2, (7, 6, 19, 7, 10), 1, (15, 7, 29, 8, 10), 1, (23, 15, 19, 9, 10), 1, (31, 23, 46, 10, 10), 1, (39, 31, 29, 11, 10), 2, (39, 39, 46, 11, 10)]","[0.05067, -0.03867, 0.02, 0.04267, -0.00533, -0.01067, 0.068, -0.016, -0.056, 0.02267, -0.16, -0.10533]","[(12, None, None, None, None), (None, 5, None, 6, None), (None, None, 19, 9, None), 'specific_part']",0.15324417899864784,0.7272727272727273,0.8333333333333334,"[-0.00736, 0.05387, 0.0256, 0.00789, -0.04779, -0.04981, -0.03621, 0.08261, 0.02555, -0.09296, -0.14048, -0.09688]","[(None, None, None, 4, None), (None, 6, None, 7, None), 'specific_part']",4.2390872790001595,0.8181818181818181,0.875
"[(3, 2, 19, 3, 10), 1, (11, 3, 35, 4, 10), 3, (12, 11, 19, 5, 10), 2, (13, 12, 29, 6, 10), 2, (5, 13, 29, 5, 10), 1, (6, 5, 19, 6, 10), 2, (7, 6, 19, 7, 10), 1, (15, 7, 29, 8, 10), 1, (23, 15, 19, 9, 10), 1, (31, 23, 46, 10, 10), 1, (39, 31, 29, 11, 10), 2, (39, 39, 46, 11, 10), 2, (31, 39, 46, 10, 10)]","[-0.03867, 0.02, 0.01333, -0.004, -0.02667, -0.024, 0.04, -0.072, 0.28, 0.05333, -0.16, -0.16, -0.10533, -0.10533]","[(12, None, None, None, None), (6, 5, None, None, None), (None, 7, None, 8, None), (None, 31, None, None, None), 'specific_part']",0.17277195799943001,0.6363636363636364,0.875,"[-0.00045, 0.02136, 0.02496, 0.00656, -0.0192, -0.02624, -0.01968, 0.02555, -0.09296, -0.14048, -0.09688, -0.09688]","[(12, None, None, None, None), (None, 7, None, 8, None), 'specific_part']",3.6800366480001685,0.8181818181818181,0.875
"[(11, 3, 35, 4, 10), 3, (12, 11, 19, 5, 10), 2, (13, 12, 29, 6, 10), 2, (5, 13, 29, 5, 10), 1, (6, 5, 19, 6, 10), 2, (7, 6, 19, 7, 10), 1, (15, 7, 29, 8, 10), 1, (23, 15, 19, 9, 10), 1, (31, 23, 46, 10, 10), 1, (39, 31, 29, 11, 10), 2, (39, 39, 46, 11, 10), 2, (31, 39, 46, 10, 10), 1, (30, 31, 29, 9, 10)]","[0.02, 0.01333, -0.004, -0.02667, -0.024, 0.04, -0.072, 0.28, 0.05333, -0.16, -0.10533, -0.10533, -0.16]","[(12, None, None, None, None), (6, 5, None, None, None), (None, 7, None, 8, None), (None, 31, None, None, None), 'specific_part']",0.1566615699994145,0.6363636363636364,0.875,"[0.02971, -0.01819, 0.03904, -0.05312, 0.02336, -0.06752, -0.06299, -0.09296, -0.14048, -0.09688, -0.09688, -0.14048]","[(13, None, None, None, None), (None, None, None, 9, None), 'specific_part']",4.235014691999822,0.8181818181818181,1.0
"[(12, 11, 19, 5, 10), 2, (13, 12, 29, 6, 10), 2, (5, 13, 29, 5, 10), 1, (6, 5, 19, 6, 10), 2, (7, 6, 19, 7, 10), 1, (15, 7, 29, 8, 10), 1, (23, 15, 19, 9, 10), 1, (31, 23, 46, 10, 10), 1, (39, 31, 29, 11, 10), 2, (39, 39, 46, 11, 10), 2, (31, 39, 46, 10, 10), 1, (30, 31, 29, 9, 10), 2, (38, 30, 29, 10, 10)]","[0.01333, -0.004, -0.02667, -0.024, 0.04, -0.072, 0.28, 0.05333, -0.16, 0.00667, 0.00667, -0.032, -0.10533, -0.16, 0.31867]","[(6, 5, None, None, None), (None, 7, None, 8, None), (None, 31, None, None, None), (None, 31, None, 9, None), 'specific_part']",0.16990820200044254,0.6363636363636364,0.8125,"[-0.03712, -0.01749, -0.00032, 0.08, 0.0144, 0.0368, -0.02907, -0.09467, -0.00368, -0.02664, 0.00821, 0.00821, -0.02664, -0.14048, -0.09688, -0.09688, -0.14048, 0.21349]","[(None, 5, None, 6, None), (None, 31, None, None, None), (30, None, None, None, None), 'specific_part']",5.5066001059985865,0.7272727272727273,0.9166666666666666
"[(13, 12, 29, 6, 10), 2, (5, 13, 29, 5, 10), 1, (6, 5, 19, 6, 10), 2, (7, 6, 19, 7, 10), 1, (15, 7, 29, 8, 10), 1, (23, 15, 19, 9, 10), 1, (31, 23, 46, 10, 10), 1, (39, 31, 29, 11, 10), 2, (39, 39, 46, 11, 10), 2, (31, 39, 46, 10, 10), 1, (30, 31, 29, 9, 10), 2, (38, 30, 29, 10, 10), 3, (30, 38, 46, 9, 10)]","[-0.004, -0.02667, -0.024, 0.04, -0.072, 0.168, 0.032, -0.088, 0.03467, 0.03467, -0.068, -0.204, -0.04267, 0.05733, -0.16, 0.31867, 0.37467]","[(6, 5, None, None, None), (None, 7, None, 8, None), (None, 31, None, 11, None), (30, None, None, None, None), (None, None, None, 10, None), 'specific_part']",0.21518270900014613,0.5454545454545454,0.85,"[-0.01749, -0.00032, 0.08, 0.0144, 0.0368, -0.02907, -0.09467, -0.00368, -0.02664, 0.00821, 0.00821, -0.02664, -0.0016, -0.02549, -0.02549, -0.0016, 0.00347, -0.09688, -0.09688, -0.14048, 0.21349, 0.31459]","[(None, 5, None, 6, None), (None, 31, None, None, None), (30, None, None, None, None), (None, 30, 29, 10, None), 'specific_part']",6.6271152760000405,0.6363636363636364,0.8125
"[(5, 13, 29, 5, 10), 1, (6, 5, 19, 6, 10), 2, (7, 6, 19, 7, 10), 1, (15, 7, 29, 8, 10), 1, (23, 15, 19, 9, 10), 1, (31, 23, 46, 10, 10), 1, (39, 31, 29, 11, 10), 2, (39, 39, 46, 11, 10), 2, (31, 39, 46, 10, 10), 1, (30, 31, 29, 9, 10), 2, (38, 30, 29, 10, 10), 3, (30, 38, 46, 9, 10), 2, (38, 30, 29, 10, 10)]","[-0.024, 0.04, -0.072, 0.168, 0.032, -0.088, 0.03467, 0.03467, -0.068, -0.204, -0.04267, 0.05733, 0.31867, 0.37467, 0.31867]","[(None, 7, None, 8, None), (None, 31, None, 11, None), (30, None, None, None, None), (None, None, None, 10, None), 'specific_part']",0.18063976499979617,0.6363636363636364,0.875,"[-0.00032, 0.08, 0.0144, 0.0368, -0.02907, -0.09467, -0.00368, -0.02664, 0.00821, 0.00821, -0.02664, -0.0016, -0.02549, -0.02549, -0.0016, 0.00347, -0.09688, -0.14048, 0.21349, 0.31459, 0.21349]","[(None, 5, None, 6, None), (None, 31, None, None, None), (30, None, None, None, None), (None, 30, 29, 10, None), 'specific_part']",6.58890189199883,0.6363636363636364,0.8125
"[(6, 5, 19, 6, 10), 2, (7, 6, 19, 7, 10), 1, (15, 7, 29, 8, 10), 1, (23, 15, 19, 9, 10), 1, (31, 23, 46, 10, 10), 1, (39, 31, 29, 11, 10), 2, (39, 39, 46, 11, 10), 2, (31, 39, 46, 10, 10), 1, (30, 31, 29, 9, 10), 2, (38, 30, 29, 10, 10), 3, (30, 38, 46, 9, 10), 2, (38, 30, 29, 10, 10), 3, (39, 38, 29, 11, 10)]","[0.04, -0.072, 0.168, 0.032, -0.088, 0.03467, 0.03467, -0.068, -0.204, -0.04267, 0.05733, 0.37467, 0.31867, 0.37467]","[(None, 7, None, 8, None), (None, 31, None, 11, None), (30, None, None, None, None), (None, None, None, 10, None), 'specific_part']",0.17541440700006206,0.6363636363636364,0.875,"[0.08, 0.0144, 0.0368, -0.02907, -0.09467, -0.00368, -0.02664, 0.00821, 0.00821, -0.02664, -0.0016, -0.02549, -0.02549, -0.0016, 0.00347, -0.14048, 0.21349, 0.31459, 0.21349, 0.31459]","[(None, 31, None, None, None), (30, None, None, None, None), (None, 30, 29, 10, None), 'specific_part']",5.228473515999212,0.7272727272727273,0.8333333333333334
"[(7, 6, 19, 7, 10), 1, (15, 7, 29, 8, 10), 1, (23, 15, 19, 9, 10), 1, (31, 23, 46, 10, 10), 1, (39, 31, 29, 11, 10), 2, (39, 39, 46, 11, 10), 2, (31, 39, 46, 10, 10), 1, (30, 31, 29, 9, 10), 2, (38, 30, 29, 10, 10), 3, (30, 38, 46, 9, 10), 2, (38, 30, 29, 10, 10), 3, (39, 38, 29, 11, 10), 2, (31, 39, 29, 10, 10)]","[-0.072, 0.168, 0.032, -0.088, 0.03467, 0.03467, -0.068, -0.204, -0.04267, 0.05733, 0.05733, 0.10533, 0.05733, 0.31867, 0.37467, -0.10533]","[(None, 7, None, 8, None), (None, 31, None, 11, None), (30, None, None, None, None), (None, None, None, 10, None), (None, None, None, 10, None), 'specific_part']",0.22760026899959485,0.5454545454545454,0.9,"[0.0144, 0.0368, -0.02907, -0.09467, -0.00368, -0.02664, 0.00821, 0.00821, -0.02664, -0.0016, -0.02549, -0.02549, -0.0016, 0.00347, 0.21349, 0.31459, 0.21349, 0.31459, -0.09688]","[(None, 31, None, None, None), (30, None, None, None, None), (None, 30, 29, 10, None), 'specific_part']",5.063473431999228,0.7272727272727273,0.8333333333333334
"[(15, 7, 29, 8, 10), 1, (23, 15, 19, 9, 10), 1, (31, 23, 46, 10, 10), 1, (39, 31, 29, 11, 10), 2, (39, 39, 46, 11, 10), 2, (31, 39, 46, 10, 10), 1, (30, 31, 29, 9, 10), 2, (38, 30, 29, 10, 10), 3, (30, 38, 46, 9, 10), 2, (38, 30, 29, 10, 10), 3, (39, 38, 29, 11, 10), 2, (31, 39, 29, 10, 10), 1, (39, 31, 29, 11, 10)]","[0.168, 0.032, -0.088, 0.03467, 0.03467, -0.068, -0.204, -0.04267, 0.05733, 0.05733, 0.10533, 0.05733, 0.37467, -0.10533, -0.16]","[(None, 31, None, 11, None), (30, None, None, None, None), (None, None, None, 10, None), (None, None, None, 10, None), 'specific_part']",0.211629802999596,0.6363636363636364,0.9375,"[0.0368, -0.02907, -0.09467, -0.00368, -0.02664, 0.00821, 0.00821, -0.02664, -0.0016, -0.02549, -0.02549, -0.0016, 0.00347, 0.31459, 0.21349, 0.31459, -0.09688, -0.14048]","[(None, 31, None, None, None), (30, None, None, None, None), (None, 30, 29, 10, None), 'specific_part']",4.951842668999234,0.7272727272727273,0.8333333333333334
"[(30, 31, 29, 9, 10), 2, (38, 30, 29, 10, 10), 3, (30, 38, 46, 9, 10), 2, (38, 30, 29, 10, 10), 3, (39, 38, 29, 11, 10), 2, (31, 39, 29, 10, 10), 1, (39, 31, 29, 11, 10), 2, (47, 39, 54, 12, 10), 2, (47, 47, 46, 12, 10), 2, (47, 47, 46, 12, 10), 2, (47, 47, 54, 12, 10), 2, (47, 47, 54, 12, 10), 2, (39, 47, 29, 11, 10)]","[-0.008, 0.0, -0.008, 0.108, 0.02, -0.088, 0.02333, -0.166, -0.166, 0.06533, 0.06533, 0.06533]","[(None, 30, 29, 10, None), (None, 31, None, 11, None), (None, None, 46, None, None), 'specific_part']",0.11910914399959438,0.7272727272727273,0.75,"[0.03395, 0.06931, 0.16053, 0.1232, -0.00293, -0.01707, -0.00293, 0.06912, 0.06912, 0.06912, 0.06912, 0.06912]","[(None, None, None, 9, None), (None, 39, None, None, None), 'specific_part']",3.339940027000921,0.8181818181818181,1.0
"[(39, 47, 29, 11, 10), 1, (47, 39, 46, 12, 10), 2, (55, 47, 54, 13, 10), 2, (47, 55, 46, 12, 10), 2, (47, 47, 54, 12, 10), 2, (55, 47, 54, 13, 10), 2, (55, 55, 54, 13, 10), 2, (55, 55, 54, 13, 10), 2, (47, 55, 54, 12, 10), 1, (47, 47, 54, 12, 10), 2, (47, 47, 54, 12, 10), 2, (47, 47, 46, 12, 10), 2, (39, 47, 29, 11, 10)]","[0.08533, 0.1, 0.034, 0.032, 0.04267, 0.04267, 0.032, 0.032, 0.152, 0.02133, 0.02133, -0.10667, 0.06533, 0.06533, 0.06533]","[(None, None, 46, 12, None), (None, 47, None, 13, None), (None, 55, None, 13, None), (None, 47, None, 12, None), 'specific_part']",0.10844008800086158,0.6363636363636364,0.75,"[0.05221, 0.09605, 0.03424, 0.09605, 0.09605, 0.03424, 0.03424, 0.03424, -0.05029, 0.01309, -0.11008, 0.06912, 0.06912, 0.06912]","[(None, 47, None, 12, None), (None, 47, None, 12, None), 'specific_part']",1.7994634759998007,0.8181818181818181,0.75
"[(55, 55, 54, 13, 10), 2, (55, 55, 54, 13, 10), 2, (47, 55, 54, 12, 10), 1, (47, 47, 54, 12, 10), 2, (47, 47, 54, 12, 10), 2, (47, 47, 46, 12, 10), 2, (39, 47, 29, 11, 10), 1, (47, 39, 54, 12, 10), 2, (55, 47, 46, 13, 10), 2, (55, 55, 46, 13, 10), 2, (47, 55, 54, 12, 10), 1, (47, 47, 54, 12, 10), 2, (39, 47, 46, 11, 10)]","[0.02133, 0.02133, -0.10667, 0.02333, 0.02333, 0.02333, 0.04267, 0.05067, 0.04267, 0.02133, 0.02133, -0.10667, 0.00133, -0.13733, 0.06533]","[(None, 47, None, 12, None), (None, 47, 29, None, None), (None, 47, None, 13, None), (None, 47, None, 12, None), 'specific_part']",0.09401946400066663,0.6363636363636364,0.75,"[0.03424, 0.03424, -0.05029, -0.0536, 0.0552, 0.0552, 0.0552, -0.09467, 0.06912, 0.01309, 0.01309, -0.11008, 0.06912]","[(None, 47, None, 12, None), (None, 39, None, None, None), 'specific_part']",2.0852742180013593,0.8181818181818181,0.875
"[(11, 3, 19, 4, 10), 3, (3, 11, 35, 3, 10), 3, (3, 3, 35, 3, 10), 2, (4, 3, 29, 4, 10), 3, (4, 4, 29, 4, 10), 2, (5, 4, 29, 5, 10), 2, (13, 5, 19, 6, 10), 2, (5, 13, 19, 5, 10), 2, (5, 5, 29, 5, 10), 2, (13, 5, 19, 6, 10), 2, (14, 13, 29, 7, 10), 2, (15, 14, 29, 8, 10), 1, (23, 15, 29, 9, 10)]","[0.03733, -0.06667, 0.164, -0.084, -0.132, -0.04267, -0.03867, -0.048, 0.02133, 0.02133, -0.06933, 0.22133, 0.24533, 0.23733]","[(None, 3, None, 3, None), (None, None, None, 5, None), (5, None, 19, None, None), (14, None, None, None, None), 'specific_part']",0.20436212799904752,0.6363636363636364,0.875,"[0.01383, -0.01015, -0.02529, -0.00445, -0.00147, 0.01408, -0.02304, -0.02051, -0.06933, -0.04896, -0.01749, -0.04896, -0.04896, 0.18384, 0.18384, 0.21525, 0.13227, 0.02555]","[(None, 3, 29, None, None), (13, None, None, None, None), (None, 5, None, 6, None), 'specific_part']",5.373840411999481,0.7272727272727273,0.8333333333333334
"[(3, 11, 35, 3, 10), 3, (3, 3, 35, 3, 10), 2, (4, 3, 29, 4, 10), 3, (4, 4, 29, 4, 10), 2, (5, 4, 29, 5, 10), 2, (13, 5, 19, 6, 10), 2, (5, 13, 19, 5, 10), 2, (5, 5, 29, 5, 10), 2, (13, 5, 19, 6, 10), 2, (14, 13, 29, 7, 10), 2, (15, 14, 29, 8, 10), 1, (23, 15, 29, 9, 10), 1, (22, 23, 29, 8, 10)]","[-0.06667, 0.164, -0.084, -0.132, -0.04267, -0.03867, -0.048, 0.02133, 0.02133, -0.06933, 0.24533, 0.23733, 0.02267]","[(None, 3, None, 3, None), (None, None, None, 5, None), (5, None, 19, None, None), (14, None, None, None, None), 'specific_part']",0.19819991500116885,0.6363636363636364,0.875,"[-0.00445, -0.00147, 0.01408, -0.02304, -0.02051, -0.06933, -0.04896, -0.01749, -0.04896, -0.04896, 0.18384, 0.21525, 0.13227, 0.02555, -0.09296]","[(13, None, None, None, None), (None, 5, None, 6, None), 'specific_part']",4.573054671000136,0.8181818181818181,0.875
"[(4, 3, 29, 4, 10), 3, (4, 4, 29, 4, 10), 2, (5, 4, 29, 5, 10), 2, (13, 5, 19, 6, 10), 2, (5, 13, 19, 5, 10), 2, (5, 5, 29, 5, 10), 2, (13, 5, 19, 6, 10), 2, (14, 13, 29, 7, 10), 2, (15, 14, 29, 8, 10), 1, (23, 15, 29, 9, 10), 1, (22, 23, 29, 8, 10), 1, (21, 22, 29, 7, 10), 3, (22, 21, 19, 8, 10)]","[-0.084, -0.132, -0.04267, -0.03867, -0.048, 0.02133, 0.02133, -0.06933, 0.048, 0.01067, -0.048, 0.02267, 0.168, 0.02667]","[(None, None, None, 5, None), (5, None, 19, None, None), (14, None, None, None, None), (None, 23, None, 8, None), 'specific_part']",0.20335000999875774,0.6363636363636364,0.875,"[-0.01145, -0.03503, -0.01385, -0.01673, 0.0944, 0.0944, -0.02027, -0.024, -0.08187, -0.12469, -0.02464, -0.04469, -0.01288, -0.05915, 0.13227, 0.02555, -0.09296, 0.02944, 0.16475]","[(5, None, 19, None, None), (None, 15, None, None, None), (None, None, None, 7, None), 'specific_part']",6.493066868999449,0.7272727272727273,0.9166666666666666
"[(22, 21, 19, 8, 10), 2, (14, 22, 29, 7, 10), 2, (6, 14, 29, 6, 10), 2, (7, 6, 19, 7, 10), 1, (7, 7, 19, 7, 10), 1, (6, 7, 29, 6, 10), 2, (14, 6, 19, 7, 10), 2, (15, 14, 29, 8, 10), 1, (14, 15, 29, 7, 10), 2, (6, 14, 29, 6, 10), 2, (14, 6, 29, 7, 10), 2, (15, 14, 29, 8, 10), 1, (23, 15, 29, 9, 10)]","[-0.00067, -0.03533, 0.01333, -0.024, -0.024, 0.024, 0.00933, -0.024, -0.06267, 0.01333, -0.02133, 0.128, 0.24533, 0.23733]","[(6, None, 29, None, None), (None, 7, None, 6, None), (None, 15, 29, 7, None), (14, None, None, None, None), 'specific_part']",0.1751437069997337,0.6363636363636364,0.75,"[-0.00027, -0.00896, -0.00875, -0.00656, -0.00669, -0.01298, -0.0147, -0.00727, -0.0147, 0.02555, 0.13227, 0.13904, 0.13227, 0.02555]","[(None, 7, None, 7, None), (6, None, 29, None, None), 'specific_part']",3.9257746799994493,0.8181818181818181,0.75
"[(14, 22, 29, 7, 10), 2, (6, 14, 29, 6, 10), 2, (7, 6, 19, 7, 10), 1, (7, 7, 19, 7, 10), 1, (6, 7, 29, 6, 10), 2, (14, 6, 19, 7, 10), 2, (15, 14, 29, 8, 10), 1, (14, 15, 29, 7, 10), 2, (6, 14, 29, 6, 10), 2, (14, 6, 29, 7, 10), 2, (15, 14, 29, 8, 10), 1, (23, 15, 29, 9, 10), 1, (31, 23, 29, 10, 10)]","[-0.03533, 0.01333, -0.024, -0.024, 0.024, 0.00933, -0.024, -0.06267, 0.01333, -0.02133, 0.24533, 0.23733, 0.02267]","[(6, None, 29, None, None), (None, 7, None, 6, None), (None, 15, 29, 7, None), (14, None, None, None, None), 'specific_part']",0.17358634199990775,0.6363636363636364,0.75,"[-0.00896, -0.00875, -0.00656, -0.00669, -0.01298, -0.0147, -0.00727, -0.0147, 0.13227, 0.13904, 0.13227, 0.02555, -0.09296]","[(None, 7, None, 7, None), (6, None, 29, None, None), 'specific_part']",3.683987647000322,0.8181818181818181,0.75
"[(6, 14, 29, 6, 10), 2, (7, 6, 19, 7, 10), 1, (7, 7, 19, 7, 10), 1, (6, 7, 29, 6, 10), 2, (14, 6, 19, 7, 10), 2, (15, 14, 29, 8, 10), 1, (14, 15, 29, 7, 10), 2, (6, 14, 29, 6, 10), 2, (14, 6, 29, 7, 10), 2, (15, 14, 29, 8, 10), 1, (23, 15, 29, 9, 10), 1, (31, 23, 29, 10, 10), 1, (31, 31, 29, 10, 10)]","[0.01333, -0.024, -0.024, -0.072, 0.072, -0.10133, -0.03533, -0.01467, -0.03533, -0.10667, -0.02133, -0.10667, 0.23733, 0.02267, -0.16]","[(None, 7, None, 6, None), (15, None, None, None, None), (6, None, 29, None, None), (None, 14, None, 8, None), 'specific_part']",0.19162316100118915,0.6363636363636364,0.8125,"[-0.00875, -0.00656, -0.00669, -0.01298, -0.0147, -0.00727, -0.0147, 0.13904, 0.13227, 0.02555, -0.09296, -0.14048]","[(None, 7, None, 7, None), (6, None, 29, None, None), 'specific_part']",3.611701436999283,0.8181818181818181,0.75
"[(7, 6, 19, 7, 10), 1, (7, 7, 19, 7, 10), 1, (6, 7, 29, 6, 10), 2, (14, 6, 19, 7, 10), 2, (15, 14, 29, 8, 10), 1, (14, 15, 29, 7, 10), 2, (6, 14, 29, 6, 10), 2, (14, 6, 29, 7, 10), 2, (15, 14, 29, 8, 10), 1, (23, 15, 29, 9, 10), 1, (31, 23, 29, 10, 10), 1, (31, 31, 29, 10, 10), 1, (39, 31, 46, 11, 10)]","[-0.024, -0.024, -0.072, 0.072, -0.10133, -0.07067, -0.02933, -0.07067, 0.144, 0.056, -0.144, 0.02267, -0.16, -0.16]","[(None, 7, None, 6, None), (15, None, None, None, None), (6, None, None, None, None), (None, 15, None, 9, None), 'specific_part']",0.18817943199974252,0.6363636363636364,0.875,"[-0.02867, -0.02867, -0.04527, -0.0114, -0.00411, -0.01328, -0.00411, -0.0114, 0.13227, 0.02555, -0.09296, -0.14048, -0.14048]","[(None, 6, None, None, None), (14, None, 29, None, None), 'specific_part']",4.109105531999376,0.8181818181818181,0.875
"[(7, 7, 19, 7, 10), 1, (6, 7, 29, 6, 10), 2, (14, 6, 19, 7, 10), 2, (15, 14, 29, 8, 10), 1, (14, 15, 29, 7, 10), 2, (6, 14, 29, 6, 10), 2, (14, 6, 29, 7, 10), 2, (15, 14, 29, 8, 10), 1, (23, 15, 29, 9, 10), 1, (31, 23, 29, 10, 10), 1, (31, 31, 29, 10, 10), 1, (39, 31, 46, 11, 10), 2, (39, 39, 46, 11, 10)]","[-0.072, 0.072, -0.10133, -0.07067, -0.02933, -0.07067, 0.144, 0.056, -0.144, 0.05333, -0.16, -0.16, -0.16, -0.16, -0.10533]","[(15, None, None, None, None), (6, None, None, None, None), (None, 15, None, 9, None), (None, 31, None, None, None), 'specific_part']",0.2033795450006437,0.6363636363636364,0.9375,"[-0.00669, -0.01298, -0.0147, -0.00727, -0.0147, -0.06592, -0.04528, -0.06592, -0.04528, -0.06592, 0.02555, -0.09296, -0.14048, -0.14048, -0.09688]","[(6, None, 29, None, None), (15, None, None, None, None), 'specific_part']",4.451292990999718,0.8181818181818181,0.875
"[(6, 7, 29, 6, 10), 2, (14, 6, 19, 7, 10), 2, (15, 14, 29, 8, 10), 1, (14, 15, 29, 7, 10), 2, (6, 14, 29, 6, 10), 2, (14, 6, 29, 7, 10), 2, (15, 14, 29, 8, 10), 1, (23, 15, 29, 9, 10), 1, (31, 23, 29, 10, 10), 1, (31, 31, 29, 10, 10), 1, (39, 31, 46, 11, 10), 2, (39, 39, 46, 11, 10), 2, (39, 39, 46, 11, 10)]","[0.072, -0.10133, -0.07067, -0.02933, -0.07067, 0.144, 0.056, -0.144, 0.05333, -0.16, -0.16, -0.16, -0.10533, -0.10533]","[(15, None, None, None, None), (6, None, None, None, None), (None, 15, None, 9, None), (None, 31, None, None, None), 'specific_part']",0.19441657599963946,0.6363636363636364,0.9375,"[-0.00443, -0.0024, -0.00819, -0.08187, -0.024, -0.04427, -0.024, -0.08187, -0.09296, -0.14048, -0.14048, -0.09688, -0.09688]","[(None, 15, 29, 7, None), (None, 15, None, None, None), 'specific_part']",3.958218202000353,0.8181818181818181,0.75
"[(14, 6, 19, 7, 10), 2, (15, 14, 29, 8, 10), 1, (14, 15, 29, 7, 10), 2, (6, 14, 29, 6, 10), 2, (14, 6, 29, 7, 10), 2, (15, 14, 29, 8, 10), 1, (23, 15, 29, 9, 10), 1, (31, 23, 29, 10, 10), 1, (31, 31, 29, 10, 10), 1, (39, 31, 46, 11, 10), 2, (39, 39, 46, 11, 10), 2, (39, 39, 46, 11, 10), 2, (39, 39, 46, 11, 10)]","[-0.07067, -0.02933, -0.07067, 0.144, 0.056, -0.144, 0.05333, -0.16, -0.16, -0.10533, -0.10533, -0.10533]","[(6, None, None, None, None), (None, 15, None, 9, None), (None, 31, None, None, None), 'specific_part']",0.1415267379998113,0.7272727272727273,0.9166666666666666,"[-0.01653, -0.01963, -0.01653, -0.03621, 0.088, 0.0368, -0.02907, -0.09467, -0.09467, -0.14048, -0.14048, -0.09688, -0.09688, -0.09688]","[(None, 6, None, 7, None), (None, 31, None, None, None), 'specific_part']",4.228759909001383,0.8181818181818181,0.875
"[(15, 14, 29, 8, 10), 1, (14, 15, 29, 7, 10), 2, (6, 14, 29, 6, 10), 2, (14, 6, 29, 7, 10), 2, (15, 14, 29, 8, 10), 1, (23, 15, 29, 9, 10), 1, (31, 23, 29, 10, 10), 1, (31, 31, 29, 10, 10), 1, (39, 31, 46, 11, 10), 2, (39, 39, 46, 11, 10), 2, (39, 39, 46, 11, 10), 2, (39, 39, 46, 11, 10), 2, (39, 39, 29, 11, 10)]","[-0.06267, 0.01333, -0.02133, 0.144, 0.032, -0.144, 0.044, 0.044, 0.01067, -0.10533, -0.10533, -0.10533]","[(14, None, None, None, None), (None, 23, None, 10, None), (None, 39, 46, 11, None), 'specific_part']",0.13159069399989676,0.7272727272727273,0.75,"[-0.01963, -0.01653, -0.03621, 0.088, 0.0368, -0.02907, -0.09467, -0.09467, -0.14048, -0.09688, -0.09688, -0.09688, -0.09688]","[(None, 6, None, 7, None), (None, 31, None, None, None), 'specific_part']",4.0048390940009995,0.8181818181818181,0.875
"[(0, 0, 19, 0, 10), 2, (1, 0, 41, 1, 10), 2, (9, 1, 41, 2, 10), 3, (1, 9, 19, 1, 10), 2, (2, 1, 19, 2, 10), 2, (3, 2, 19, 3, 10), 1, (11, 3, 35, 4, 10), 3, (12, 11, 19, 5, 10), 2, (20, 12, 19, 6, 10), 2, (21, 20, 29, 7, 10), 3, (13, 21, 29, 6, 10), 2, (14, 13, 29, 7, 10), 2, (22, 14, 29, 8, 10)]","[-0.01467, -0.024, 0.072, 0.00667, -0.05533, 0.01867, 0.0, -0.01467, 0.17067, 0.0, -0.06933, 0.02667, 0.22133, 0.24533]","[(None, 1, 41, 2, None), (3, 2, 19, None, None), (20, None, None, None, None), (14, None, None, None, None), 'specific_part']",0.15220912800032238,0.6363636363636364,0.75,"[-0.01077, -0.01024, -0.00733, 0.01819, -0.00733, -0.01136, 0.01247, 0.00707, 0.02971, -0.01819, -0.00048, 0.01141, 0.2088, 0.18176, 0.16475, 0.21525, 0.13227]","[(None, 1, 41, None, None), (None, None, 35, 4, None), (13, None, None, None, None), 'specific_part']",5.2685495109999465,0.7272727272727273,0.8333333333333334
"[(1, 0, 41, 1, 10), 2, (9, 1, 41, 2, 10), 3, (1, 9, 19, 1, 10), 2, (2, 1, 19, 2, 10), 2, (3, 2, 19, 3, 10), 1, (11, 3, 35, 4, 10), 3, (12, 11, 19, 5, 10), 2, (20, 12, 19, 6, 10), 2, (21, 20, 29, 7, 10), 3, (13, 21, 29, 6, 10), 2, (14, 13, 29, 7, 10), 2, (22, 14, 29, 8, 10), 2, (30, 22, 46, 9, 10)]","[-0.024, 0.072, 0.00667, -0.05533, 0.01867, 0.0, -0.01467, -0.008, 0.0, 0.04933, 0.05067, 0.0, -0.01067, 0.22133, 0.24533, 0.296]","[(None, 1, 41, 2, None), (3, 2, 19, None, None), (20, None, None, None, None), (21, None, 29, None, None), (22, 14, None, None, None), 'specific_part']",0.15853099100058898,0.5454545454545454,0.7,"[-0.00733, 0.01819, -0.00733, -0.01136, 0.01247, 0.00707, 0.02971, -0.01819, -0.00048, 0.01141, 0.18176, 0.16475, 0.21525, 0.13227, 0.11968]","[(None, None, 35, 4, None), (13, None, None, None, None), 'specific_part']",4.200578699999824,0.8181818181818181,0.875
"[(9, 1, 41, 2, 10), 3, (1, 9, 19, 1, 10), 2, (2, 1, 19, 2, 10), 2, (3, 2, 19, 3, 10), 1, (11, 3, 35, 4, 10), 3, (12, 11, 19, 5, 10), 2, (20, 12, 19, 6, 10), 2, (21, 20, 29, 7, 10), 3, (13, 21, 29, 6, 10), 2, (14, 13, 29, 7, 10), 2, (22, 14, 29, 8, 10), 2, (30, 22, 46, 9, 10), 2, (22, 30, 29, 8, 10)]","[0.072, 0.00667, -0.05533, 0.01867, 0.0, -0.01467, -0.008, 0.0, 0.04933, -0.00533, 0.0, 0.044, 0.22133, 0.104, 0.02933, 0.24533, 0.296, 0.31867]","[(3, 2, 19, None, None), (20, None, None, None, None), (21, None, 29, None, None), (13, None, None, None, None), (None, None, None, 9, None), 'specific_part']",0.21487886400063871,0.5454545454545454,0.85,"[0.01819, -0.00733, -0.01136, 0.01247, 0.00707, 0.02971, -0.01819, -0.00048, 0.01141, 0.16475, 0.21525, 0.13227, 0.11968, 0.21349]","[(None, None, 35, 4, None), (13, None, None, None, None), 'specific_part']",4.08188855499975,0.8181818181818181,0.875
"[(1, 9, 19, 1, 10), 2, (2, 1, 19, 2, 10), 2, (3, 2, 19, 3, 10), 1, (11, 3, 35, 4, 10), 3, (12, 11, 19, 5, 10), 2, (20, 12, 19, 6, 10), 2, (21, 20, 29, 7, 10), 3, (13, 21, 29, 6, 10), 2, (14, 13, 29, 7, 10), 2, (22, 14, 29, 8, 10), 2, (30, 22, 46, 9, 10), 2, (22, 30, 29, 8, 10), 2, (23, 22, 19, 9, 10)]","[0.00667, -0.05533, 0.01867, 0.0, -0.01467, -0.008, 0.0, 0.04933, -0.00533, 0.0, 0.044, 0.22133, 0.104, 0.02933, 0.296, 0.31867, 0.296]","[(3, 2, 19, None, None), (20, None, None, None, None), (21, None, 29, None, None), (13, None, None, None, None), (None, None, None, 9, None), 'specific_part']",0.20205949699993653,0.5454545454545454,0.85,"[-0.00733, -0.01136, 0.01247, 0.00707, 0.02971, -0.01819, -0.00048, 0.01141, 0.21525, 0.13227, 0.11968, 0.21349, 0.11968]","[(None, None, 35, 4, None), (13, None, None, None, None), 'specific_part']",3.8337954790004005,0.8181818181818181,0.875
"[(2, 1, 19, 2, 10), 2, (3, 2, 19, 3, 10), 1, (11, 3, 35, 4, 10), 3, (12, 11, 19, 5, 10), 2, (20, 12, 19, 6, 10), 2, (21, 20, 29, 7, 10), 3, (13, 21, 29, 6, 10), 2, (14, 13, 29, 7, 10), 2, (22, 14, 29, 8, 10), 2, (30, 22, 46, 9, 10), 2, (22, 30, 29, 8, 10), 2, (23, 22, 19, 9, 10), 1, (31, 23, 29, 10, 10)]","[-0.05533, 0.01867, 0.0, -0.01467, -0.008, 0.0, 0.04933, -0.00533, 0.0, 0.044, 0.22133, 0.104, 0.02933, 0.31867, 0.296, 0.02267]","[(3, 2, 19, None, None), (20, None, None, None, None), (21, None, 29, None, None), (13, None, None, None, None), (None, None, None, 9, None), 'specific_part']",0.20435570399968128,0.5454545454545454,0.85,"[-0.01136, 0.01247, 0.00707, 0.02971, -0.01819, -0.00048, 0.01141, 0.01384, -0.0016, 0.01963, 0.0136, 0.00401, 0.13227, 0.11968, 0.21349, 0.11968, -0.09296]","[(None, None, 35, 4, None), (13, None, None, None, None), (None, None, 46, 9, None), 'specific_part']",5.596309527001722,0.7272727272727273,0.8333333333333334
"[(3, 2, 19, 3, 10), 1, (11, 3, 35, 4, 10), 3, (12, 11, 19, 5, 10), 2, (20, 12, 19, 6, 10), 2, (21, 20, 29, 7, 10), 3, (13, 21, 29, 6, 10), 2, (14, 13, 29, 7, 10), 2, (22, 14, 29, 8, 10), 2, (30, 22, 46, 9, 10), 2, (22, 30, 29, 8, 10), 2, (23, 22, 19, 9, 10), 1, (31, 23, 29, 10, 10), 1, (39, 31, 46, 11, 10)]","[-0.00133, 0.0, -0.002, 0.296, 0.02267, -0.16]","[(22, 30, 29, None, None), 'specific_part']",0.045383561999187805,0.9090909090909091,0.5,"[0.00707, 0.02971, -0.01819, -0.00048, 0.01141, 0.01384, -0.0016, 0.01963, 0.0136, 0.00401, 0.11968, 0.21349, 0.11968, -0.09296, -0.14048]","[(13, None, None, None, None), (None, None, 46, 9, None), 'specific_part']",4.120947334999073,0.8181818181818181,0.875
"[(11, 3, 35, 4, 10), 3, (12, 11, 19, 5, 10), 2, (20, 12, 19, 6, 10), 2, (21, 20, 29, 7, 10), 3, (13, 21, 29, 6, 10), 2, (14, 13, 29, 7, 10), 2, (22, 14, 29, 8, 10), 2, (30, 22, 46, 9, 10), 2, (22, 30, 29, 8, 10), 2, (23, 22, 19, 9, 10), 1, (31, 23, 29, 10, 10), 1, (39, 31, 46, 11, 10), 2, (31, 39, 46, 10, 10)]","[-0.008, 0.0, 0.04933, -0.00533, 0.0, 0.044, 0.22133, 0.104, 0.02933, -0.01267, 0.002, -0.01267, 0.02267, -0.16, -0.10533]","[(21, None, 29, None, None), (13, None, None, None, None), (None, None, None, 9, None), (None, None, 19, 9, None), 'specific_part']",0.19418994799889333,0.6363636363636364,0.875,"[0.02971, -0.01819, -0.00048, 0.01141, 0.01384, -0.0016, 0.01963, 0.0136, 0.00401, 0.21349, 0.11968, -0.09296, -0.14048, -0.09688]","[(13, None, None, None, None), (None, None, 46, 9, None), 'specific_part']",3.9810367629997927,0.8181818181818181,0.875
"[(12, 11, 19, 5, 10), 2, (20, 12, 19, 6, 10), 2, (21, 20, 29, 7, 10), 3, (13, 21, 29, 6, 10), 2, (14, 13, 29, 7, 10), 2, (22, 14, 29, 8, 10), 2, (30, 22, 46, 9, 10), 2, (22, 30, 29, 8, 10), 2, (23, 22, 19, 9, 10), 1, (31, 23, 29, 10, 10), 1, (39, 31, 46, 11, 10), 2, (31, 39, 46, 10, 10), 1, (39, 31, 46, 11, 10)]","[0.0, 0.04933, 0.21333, 0.0, -0.10667, 0.008, 0.01867, -0.004, 0.24, 0.05333, -0.16, -0.16, -0.10533, -0.16]","[(21, None, 29, None, None), (None, 14, None, 8, None), (22, None, None, None, None), (None, 31, None, None, None), 'specific_part']",0.17239780199997767,0.6363636363636364,0.875,"[0.01035, 0.08688, 0.01595, -0.064, 0.00045, 0.0, 0.00371, 0.00267, 0.00087, 0.11968, -0.09296, -0.14048, -0.09688, -0.14048]","[(14, None, None, None, None), (22, 30, 29, None, None), 'specific_part']",3.5233850389995496,0.8181818181818181,0.75
"[(20, 12, 19, 6, 10), 2, (21, 20, 29, 7, 10), 3, (13, 21, 29, 6, 10), 2, (14, 13, 29, 7, 10), 2, (22, 14, 29, 8, 10), 2, (30, 22, 46, 9, 10), 2, (22, 30, 29, 8, 10), 2, (23, 22, 19, 9, 10), 1, (31, 23, 29, 10, 10), 1, (39, 31, 46, 11, 10), 2, (31, 39, 46, 10, 10), 1, (39, 31, 46, 11, 10), 2, (39, 39, 29, 11, 10)]","[0.04933, 0.21333, 0.0, -0.10667, 0.008, 0.01867, -0.004, 0.24, 0.05333, -0.16, -0.10533, -0.16, -0.10533]","[(21, None, 29, None, None), (None, 14, None, 8, None), (22, None, None, None, None), (None, 31, None, None, None), 'specific_part']",0.17046172300069884,0.6363636363636364,0.875,"[-0.00048, 0.01141, 0.03904, 0.01595, -0.07312, 0.03395, -0.07312, -0.09296, -0.14048, -0.09688, -0.14048, -0.09688]","[(13, None, None, None, None), (None, None, None, 9, None), 'specific_part']",4.141351493999537,0.8181818181818181,1.0
"[(21, 20, 29, 7, 10), 3, (13, 21, 29, 6, 10), 2, (14, 13, 29, 7, 10), 2, (22, 14, 29, 8, 10), 2, (30, 22, 46, 9, 10), 2, (22, 30, 29, 8, 10), 2, (23, 22, 19, 9, 10), 1, (31, 23, 29, 10, 10), 1, (39, 31, 46, 11, 10), 2, (31, 39, 46, 10, 10), 1, (39, 31, 46, 11, 10), 2, (39, 39, 29, 11, 10), 1, (38, 39, 29, 10, 10)]","[0.21333, 0.0, -0.10667, 0.008, 0.01867, -0.004, 0.24, 0.05333, -0.16, -0.16, 0.03333, -0.16, -0.16, -0.10533, -0.28667]","[(None, 14, None, 8, None), (22, None, None, None, None), (None, 31, None, None, None), (None, 31, None, None, None), 'specific_part']",0.1941791169992939,0.6363636363636364,0.9375,"[0.04347, 0.03904, 0.01595, -0.07312, 0.06853, 0.07013, 0.06853, -0.02907, -0.09467, -0.14048, -0.09688, -0.14048, -0.09688, -0.18712]","[(None, None, None, 9, None), (None, 31, None, None, None), 'specific_part']",4.315268406000541,0.8181818181818181,1.0
"[(13, 21, 29, 6, 10), 2, (14, 13, 29, 7, 10), 2, (22, 14, 29, 8, 10), 2, (30, 22, 46, 9, 10), 2, (22, 30, 29, 8, 10), 2, (23, 22, 19, 9, 10), 1, (31, 23, 29, 10, 10), 1, (39, 31, 46, 11, 10), 2, (31, 39, 46, 10, 10), 1, (39, 31, 46, 11, 10), 2, (39, 39, 29, 11, 10), 1, (38, 39, 29, 10, 10), 3, (30, 38, 29, 9, 10)]","[0.22133, 0.104, 0.02933, 0.02933, 0.04133, 0.02933, -0.03733, -0.068, -0.11733, -0.04267, -0.204, -0.14, -0.10533, -0.28667, 0.37467]","[(None, None, None, 9, None), (None, None, None, 9, None), (31, None, None, None, None), (None, None, None, 10, None), 'specific_part']",0.23347613999976602,0.6363636363636364,1.0,"[0.01493, -0.0648, -0.02704, -0.00048, -0.00264, -0.00048, -0.04352, 0.00664, -0.01285, 0.00664, -0.01285, -0.00827, -0.09688, -0.14048, -0.09688, -0.18712, 0.31459]","[(None, 14, None, None, None), (None, 23, None, 10, None), (38, None, None, None, None), 'specific_part']",5.1950842770002055,0.7272727272727273,0.9166666666666666
"[(14, 13, 29, 7, 10), 2, (22, 14, 29, 8, 10), 2, (30, 22, 46, 9, 10), 2, (22, 30, 29, 8, 10), 2, (23, 22, 19, 9, 10), 1, (31, 23, 29, 10, 10), 1, (39, 31, 46, 11, 10), 2, (31, 39, 46, 10, 10), 1, (39, 31, 46, 11, 10), 2, (39, 39, 29, 11, 10), 1, (38, 39, 29, 10, 10), 3, (30, 38, 29, 9, 10), 2, (31, 30, 29, 10, 10)]","[0.104, 0.02933, 0.02933, 0.04133, 0.02933, -0.03733, -0.068, -0.11733, -0.04267, -0.204, -0.14, -0.28667, 0.37467, 0.31867]","[(None, None, None, 9, None), (None, None, None, 9, None), (31, None, None, None, None), (None, None, None, 10, None), 'specific_part']",0.21995979900020757,0.6363636363636364,1.0,"[-0.02704, -0.00048, -0.00264, -0.00048, -0.04352, 0.00664, -0.01285, 0.00664, -0.01285, -0.00827, -0.14048, -0.09688, -0.18712, 0.31459, 0.21349]","[(None, 23, None, 10, None), (38, None, None, None, None), 'specific_part']",3.741926460999821,0.8181818181818181,0.875
"[(22, 14, 29, 8, 10), 2, (30, 22, 46, 9, 10), 2, (22, 30, 29, 8, 10), 2, (23, 22, 19, 9, 10), 1, (31, 23, 29, 10, 10), 1, (39, 31, 46, 11, 10), 2, (31, 39, 46, 10, 10), 1, (39, 31, 46, 11, 10), 2, (39, 39, 29, 11, 10), 1, (38, 39, 29, 10, 10), 3, (30, 38, 29, 9, 10), 2, (31, 30, 29, 10, 10), 2, (31, 31, 29, 10, 10)]","[0.02933, 0.04133, 0.02933, -0.03733, -0.068, -0.11733, -0.04267, -0.204, -0.14, 0.37467, 0.31867, -0.0]","[(None, None, None, 9, None), (31, None, None, None, None), (None, None, None, 10, None), 'specific_part']",0.17324861499946564,0.7272727272727273,1.0,"[-0.00048, -0.00264, -0.00048, -0.04352, 0.00664, -0.01285, 0.00664, -0.01285, -0.00827, -0.09688, -0.18712, 0.31459, 0.21349, -0.0464]","[(None, 23, None, 10, None), (38, None, None, None, None), 'specific_part']",3.517430804000469,0.8181818181818181,0.875
"[(30, 22, 46, 9, 10), 2, (22, 30, 29, 8, 10), 2, (23, 22, 19, 9, 10), 1, (31, 23, 29, 10, 10), 1, (39, 31, 46, 11, 10), 2, (31, 39, 46, 10, 10), 1, (39, 31, 46, 11, 10), 2, (39, 39, 29, 11, 10), 1, (38, 39, 29, 10, 10), 3, (30, 38, 29, 9, 10), 2, (31, 30, 29, 10, 10), 2, (31, 31, 29, 10, 10), 1, (39, 31, 29, 11, 10)]","[0.04133, 0.02933, -0.01867, -0.034, -0.05867, 0.02533, -0.06, -0.012, 0.03467, -0.01867, 0.1, 0.31867, -0.0, -0.16]","[(None, None, None, 9, None), (31, None, 46, None, None), (38, None, None, None, None), (30, None, None, None, None), 'specific_part']",0.18176313000003574,0.6363636363636364,0.9375,"[-0.00264, -0.00048, -0.04352, 0.00664, -0.01285, 0.00664, -0.01285, -0.00827, -0.18712, 0.31459, 0.21349, -0.0464, -0.14048]","[(None, 23, None, 10, None), (38, None, None, None, None), 'specific_part']",3.369219369000348,0.8181818181818181,0.875
"[(22, 30, 29, 8, 10), 2, (23, 22, 19, 9, 10), 1, (31, 23, 29, 10, 10), 1, (39, 31, 46, 11, 10), 2, (31, 39, 46, 10, 10), 1, (39, 31, 46, 11, 10), 2, (39, 39, 29, 11, 10), 1, (38, 39, 29, 10, 10), 3, (30, 38, 29, 9, 10), 2, (31, 30, 29, 10, 10), 2, (31, 31, 29, 10, 10), 1, (39, 31, 29, 11, 10), 2, (39, 39, 46, 11, 10)]","[-0.032, 0.0, -0.006, -0.0, -0.16, -0.10533]","[(31, 30, 29, None, None), 'specific_part']",0.03823605300021882,0.9090909090909091,0.5,"[-0.00048, -0.04352, 0.00664, -0.01285, 0.00664, -0.01285, -0.00827, 0.31459, 0.21349, -0.0464, -0.14048, -0.09688]","[(None, 23, None, 10, None), (38, None, None, None, None), 'specific_part']",3.3600241299991467,0.8181818181818181,0.875
"[(23, 22, 19, 9, 10), 1, (31, 23, 29, 10, 10), 1, (39, 31, 46, 11, 10), 2, (31, 39, 46, 10, 10), 1, (39, 31, 46, 11, 10), 2, (39, 39, 29, 11, 10), 1, (38, 39, 29, 10, 10), 3, (30, 38, 29, 9, 10), 2, (31, 30, 29, 10, 10), 2, (31, 31, 29, 10, 10), 1, (39, 31, 29, 11, 10), 2, (39, 39, 46, 11, 10), 2, (39, 39, 29, 11, 10)]","[-0.01867, -0.034, -0.05867, 0.02533, -0.06, -0.012, 0.03467, -0.01867, 0.1, 0.18667, -0.16, -0.16, -0.16, -0.10533, -0.10533]","[(31, None, 46, None, None), (38, None, None, None, None), (30, None, None, None, None), (None, 31, None, None, None), 'specific_part']",0.18573702799949388,0.6363636363636364,0.9375,"[-0.04352, 0.00664, -0.01285, 0.00664, -0.01285, -0.00827, 0.00821, -0.02664, 0.00821, -0.01781, 0.05005, 0.21349, -0.0464, -0.14048, -0.09688, -0.09688]","[(None, 23, None, 10, None), (38, None, None, None, None), (30, None, None, None, None), 'specific_part']",4.719227513000078,0.7272727272727273,0.9166666666666666
"[(0, 0, 41, 0, 10), 2, (1, 0, 41, 1, 10), 2, (1, 1, 41, 1, 10), 2, (2, 1, 42, 2, 10), 2, (3, 2, 35, 3, 10), 2, (4, 3, 29, 4, 10), 3, (5, 4, 29, 5, 10), 2, (6, 5, 19, 6, 10), 2, (14, 6, 19, 7, 10), 2, (15, 14, 29, 8, 10), 1, (15, 15, 29, 8, 10), 1, (14, 15, 19, 7, 10), 1, (22, 14, 29, 8, 10)]","[-0.04667, 0.02067, 0.02067, 0.00533, 0.07467, 0.096, -0.08, -0.032, 0.04267, -0.10133, 0.00933, -0.024, -0.024, 0.23733, 0.23733, 0.33067]","[(1, None, None, None, None), (None, None, 35, 3, None), (5, 4, None, None, None), (None, 6, None, 7, None), (14, 15, 19, None, None), 'specific_part']",0.21218203200078278,0.5454545454545454,0.75,"[-0.01616, -0.01536, -0.01536, 0.02688, 0.04, 0.01765, 0.00592, -0.03405, 0.13904, 0.13227, 0.02555, 0.02555, 0.12693]","[(None, 1, 42, None, None), (6, 5, None, None, None), 'specific_part']",2.9308583260008163,0.8181818181818181,0.75
"[(1, 0, 41, 1, 10), 2, (1, 1, 41, 1, 10), 2, (2, 1, 42, 2, 10), 2, (3, 2, 35, 3, 10), 2, (4, 3, 29, 4, 10), 3, (5, 4, 29, 5, 10), 2, (6, 5, 19, 6, 10), 2, (14, 6, 19, 7, 10), 2, (15, 14, 29, 8, 10), 1, (15, 15, 29, 8, 10), 1, (14, 15, 19, 7, 10), 1, (22, 14, 29, 8, 10), 2, (23, 22, 19, 9, 10)]","[0.02067, 0.02067, 0.00533, 0.07467, 0.096, -0.08, -0.032, 0.04267, -0.10133, 0.00933, -0.024, -0.024, 0.23733, 0.33067, 0.296]","[(None, None, 35, 3, None), (5, 4, None, None, None), (None, 6, None, 7, None), (14, 15, 19, None, None), 'specific_part']",0.16094291499939573,0.6363636363636364,0.6875,"[-0.01592, -0.01592, -0.01583, 0.00896, 0.02496, 0.0048, -0.01083, -0.01099, 0.13227, 0.02555, 0.02555, 0.12693, 0.11968]","[(None, 2, 35, None, None), (14, 6, None, None, None), 'specific_part']",2.947914798000056,0.8181818181818181,0.75
"[(1, 1, 41, 1, 10), 2, (2, 1, 42, 2, 10), 2, (3, 2, 35, 3, 10), 2, (4, 3, 29, 4, 10), 3, (5, 4, 29, 5, 10), 2, (6, 5, 19, 6, 10), 2, (14, 6, 19, 7, 10), 2, (15, 14, 29, 8, 10), 1, (15, 15, 29, 8, 10), 1, (14, 15, 19, 7, 10), 1, (22, 14, 29, 8, 10), 2, (23, 22, 19, 9, 10), 1, (22, 23, 19, 8, 10)]","[0.02067, 0.00533, 0.07467, 0.096, -0.08, -0.032, 0.04267, -0.10133, 0.00933, -0.024, -0.024, 0.33067, 0.296, 0.02267]","[(None, None, 35, 3, None), (5, 4, None, None, None), (None, 6, None, 7, None), (14, 15, 19, None, None), 'specific_part']",0.15851805599959334,0.6363636363636364,0.6875,"[0.03573, 0.02741, -0.01451, -0.02096, -0.00315, -0.0228, -0.00821, -0.02656, -0.02656, 0.02555, 0.02555, 0.12693, 0.11968, -0.09296]","[(5, 4, None, None, None), (14, None, None, None, None), 'specific_part']",3.8038127460004034,0.8181818181818181,0.875
"[(2, 1, 42, 2, 10), 2, (3, 2, 35, 3, 10), 2, (4, 3, 29, 4, 10), 3, (5, 4, 29, 5, 10), 2, (6, 5, 19, 6, 10), 2, (14, 6, 19, 7, 10), 2, (15, 14, 29, 8, 10), 1, (15, 15, 29, 8, 10), 1, (14, 15, 19, 7, 10), 1, (22, 14, 29, 8, 10), 2, (23, 22, 19, 9, 10), 1, (22, 23, 19, 8, 10), 2, (23, 22, 29, 9, 10)]","[0.07467, 0.096, -0.08, -0.032, 0.04267, -0.10133, 0.00933, -0.024, -0.024, -0.00533, -0.00533, 0.01067, 0.296, 0.02267, 0.296]","[(5, 4, None, None, None), (None, 6, None, 7, None), (14, 15, 19, None, None), (22, 14, None, None, None), 'specific_part']",0.1420113999993191,0.6363636363636364,0.6875,"[0.02741, -0.01451, -0.02096, -0.00315, -0.0228, -0.00821, -0.02656, -0.02656, 0.02555, 0.12693, 0.11968, -0.09296, 0.11968]","[(5, 4, None, None, None), (14, None, None, None, None), 'specific_part']",3.6685596110000915,0.8181818181818181,0.875
"[(3, 2, 35, 3, 10), 2, (4, 3, 29, 4, 10), 3, (5, 4, 29, 5, 10), 2, (6, 5, 19, 6, 10), 2, (14, 6, 19, 7, 10), 2, (15, 14, 29, 8, 10), 1, (15, 15, 29, 8, 10), 1, (14, 15, 19, 7, 10), 1, (22, 14, 29, 8, 10), 2, (23, 22, 19, 9, 10), 1, (22, 23, 19, 8, 10), 2, (23, 22, 29, 9, 10), 1, (22, 23, 19, 8, 10)]","[0.096, -0.08, -0.04, 0.05333, -0.12667, 0.01333, -0.06267, -0.06267, 0.024, 0.00933, -0.024, 0.02267, 0.296, 0.02267]","[(5, 4, None, None, None), (None, 6, None, None, None), (14, None, None, None, None), (22, 23, 19, None, None), 'specific_part']",0.17405525499998475,0.6363636363636364,0.8125,"[-0.01451, -0.02096, -0.00315, -0.0228, -0.00821, -0.02656, -0.02656, 0.12693, 0.11968, -0.09296, 0.11968, -0.09296]","[(5, 4, None, None, None), (14, None, None, None, None), 'specific_part']",3.5716397099986352,0.8181818181818181,0.875
"[(4, 3, 29, 4, 10), 3, (5, 4, 29, 5, 10), 2, (6, 5, 19, 6, 10), 2, (14, 6, 19, 7, 10), 2, (15, 14, 29, 8, 10), 1, (15, 15, 29, 8, 10), 1, (14, 15, 19, 7, 10), 1, (22, 14, 29, 8, 10), 2, (23, 22, 19, 9, 10), 1, (22, 23, 19, 8, 10), 2, (23, 22, 29, 9, 10), 1, (22, 23, 19, 8, 10), 2, (30, 22, 29, 9, 10)]","[-0.04, 0.05333, -0.12667, 0.01333, -0.06267, -0.06267, 0.024, 0.00933, -0.024, 0.296, 0.02267, 0.296]","[(None, 6, None, None, None), (14, None, None, None, None), (22, 23, 19, None, None), 'specific_part']",0.13861052200081758,0.7272727272727273,0.8333333333333334,"[0.00592, -0.03405, -0.01003, -0.05184, -0.02261, -0.02261, -0.03136, 0.11968, -0.09296, 0.11968, -0.09296, 0.11968]","[(6, 5, None, None, None), (None, 14, None, 8, None), 'specific_part']",3.407436820998555,0.8181818181818181,0.75
"[(5, 4, 29, 5, 10), 2, (6, 5, 19, 6, 10), 2, (14, 6, 19, 7, 10), 2, (15, 14, 29, 8, 10), 1, (15, 15, 29, 8, 10), 1, (14, 15, 19, 7, 10), 1, (22, 14, 29, 8, 10), 2, (23, 22, 19, 9, 10), 1, (22, 23, 19, 8, 10), 2, (23, 22, 29, 9, 10), 1, (22, 23, 19, 8, 10), 2, (30, 22, 29, 9, 10), 2, (22, 30, 19, 8, 10)]","[0.05333, -0.12667, 0.01333, -0.06267, -0.06267, 0.024, 0.00933, -0.024, -0.01067, -0.01067, -0.01067, 0.02267, 0.296, 0.31867]","[(None, 6, None, None, None), (14, None, None, None, None), (22, 23, 19, None, None), (None, 22, None, 9, None), 'specific_part']",0.19123303499873145,0.6363636363636364,0.8125,"[-0.03405, 0.00016, -0.0176, -0.00939, -0.00939, -0.01248, 0.00803, -0.00368, 0.00803, -0.00368, 0.00803, -0.09296, 0.11968, -0.09296, 0.11968, 0.21349]","[(6, 5, None, None, None), (22, 14, None, None, None), (30, None, None, None, None), 'specific_part']",4.422775835000721,0.7272727272727273,0.8333333333333334
"[(6, 5, 19, 6, 10), 2, (14, 6, 19, 7, 10), 2, (15, 14, 29, 8, 10), 1, (15, 15, 29, 8, 10), 1, (14, 15, 19, 7, 10), 1, (22, 14, 29, 8, 10), 2, (23, 22, 19, 9, 10), 1, (22, 23, 19, 8, 10), 2, (23, 22, 29, 9, 10), 1, (22, 23, 19, 8, 10), 2, (30, 22, 29, 9, 10), 2, (22, 30, 19, 8, 10), 1, (30, 22, 46, 9, 10)]","[-0.12667, 0.01333, -0.06267, -0.06267, 0.024, 0.00933, -0.024, -0.01067, -0.01067, -0.01067, 0.296, 0.31867, 0.168]","[(None, 6, None, None, None), (14, None, None, None, None), (22, 23, 19, None, None), (None, 22, None, 9, None), 'specific_part']",0.18659885199849668,0.6363636363636364,0.8125,"[0.00016, -0.0176, -0.00939, -0.00939, -0.01248, 0.00803, -0.00368, 0.00803, -0.00368, 0.00803, 0.11968, -0.09296, 0.11968, 0.21349, 0.02944]","[(22, 14, None, None, None), (30, None, None, None, None), 'specific_part']",3.637372477000099,0.8181818181818181,0.875
"[(14, 6, 19, 7, 10), 2, (15, 14, 29, 8, 10), 1, (15, 15, 29, 8, 10), 1, (14, 15, 19, 7, 10), 1, (22, 14, 29, 8, 10), 2, (23, 22, 19, 9, 10), 1, (22, 23, 19, 8, 10), 2, (23, 22, 29, 9, 10), 1, (22, 23, 19, 8, 10), 2, (30, 22, 29, 9, 10), 2, (22, 30, 19, 8, 10), 1, (30, 22, 46, 9, 10), 2, (22, 30, 19, 8, 10)]","[0.01333, -0.06267, -0.06267, 0.024, 0.00933, -0.024, -0.01067, -0.01067, -0.01067, 0.31867, 0.168, 0.31867]","[(14, None, None, None, None), (22, 23, 19, None, None), (None, 22, None, 9, None), 'specific_part']",0.12958171699938248,0.7272727272727273,0.75,"[-0.0176, -0.00939, -0.00939, -0.01248, 0.00803, -0.00368, 0.00803, -0.00368, 0.00803, -0.09296, 0.11968, 0.21349, 0.02944, 0.21349]","[(22, 14, None, None, None), (30, None, None, None, None), 'specific_part']",3.4645252079990314,0.8181818181818181,0.875
"[(15, 14, 29, 8, 10), 1, (15, 15, 29, 8, 10), 1, (14, 15, 19, 7, 10), 1, (22, 14, 29, 8, 10), 2, (23, 22, 19, 9, 10), 1, (22, 23, 19, 8, 10), 2, (23, 22, 29, 9, 10), 1, (22, 23, 19, 8, 10), 2, (30, 22, 29, 9, 10), 2, (22, 30, 19, 8, 10), 1, (30, 22, 46, 9, 10), 2, (22, 30, 19, 8, 10), 1, (30, 22, 29, 9, 10)]","[-0.06267, -0.06267, 0.024, 0.00933, -0.024, -0.01067, -0.01067, -0.01067, 0.02933, 0.04133, -0.01333, 0.168, 0.31867, 0.168]","[(14, None, None, None, None), (22, 23, 19, None, None), (None, 22, None, 9, None), (None, None, None, 9, None), 'specific_part']",0.18839149000086763,0.6363636363636364,0.8125,"[-0.00939, -0.00939, -0.01248, 0.00803, -0.00368, 0.00803, -0.00368, 0.00803, 0.11968, 0.21349, 0.02944, 0.21349, 0.02944]","[(22, 14, None, None, None), (30, None, None, None, None), 'specific_part']",3.3679241800000455,0.8181818181818181,0.875
"[(15, 15, 29, 8, 10), 1, (14, 15, 19, 7, 10), 1, (22, 14, 29, 8, 10), 2, (23, 22, 19, 9, 10), 1, (22, 23, 19, 8, 10), 2, (23, 22, 29, 9, 10), 1, (22, 23, 19, 8, 10), 2, (30, 22, 29, 9, 10), 2, (22, 30, 19, 8, 10), 1, (30, 22, 46, 9, 10), 2, (22, 30, 19, 8, 10), 1, (30, 22, 29, 9, 10), 2, (38, 30, 29, 10, 10)]","[-0.06267, 0.024, 0.00933, -0.024, -0.01067, -0.01067, -0.01067, 0.02933, 0.04133, -0.01333, 0.31867, 0.168, 0.31867]","[(14, None, None, None, None), (22, 23, 19, None, None), (None, 22, None, 9, None), (None, None, None, 9, None), 'specific_part']",0.175219697999637,0.6363636363636364,0.8125,"[-0.00939, -0.01248, 0.00803, -0.00368, 0.00803, -0.00368, 0.00803, 0.21349, 0.02944, 0.21349, 0.02944, 0.21349]","[(22, 14, None, None, None), (30, None, None, None, None), 'specific_part']",3.087704866000422,0.8181818181818181,0.875
"[(14, 15, 19, 7, 10), 1, (22, 14, 29, 8, 10), 2, (23, 22, 19, 9, 10), 1, (22, 23, 19, 8, 10), 2, (23, 22, 29, 9, 10), 1, (22, 23, 19, 8, 10), 2, (30, 22, 29, 9, 10), 2, (22, 30, 19, 8, 10), 1, (30, 22, 46, 9, 10), 2, (22, 30, 19, 8, 10), 1, (30, 22, 29, 9, 10), 2, (38, 30, 29, 10, 10), 3, (30, 38, 46, 9, 10)]","[0.048, 0.01867, -0.048, -0.048, 0.01867, -0.048, -0.108, 0.01333, -0.34267, -0.34267, -0.02933, -0.34267, 0.05733, 0.096, 0.05733, 0.168, 0.31867, 0.37467]","[(None, 23, 19, None, None), (None, 23, 19, None, None), (None, None, None, 8, None), (None, None, None, 8, None), (None, None, None, 10, None), 'specific_part']",0.26964441600102873,0.5454545454545454,0.9,"[-0.00987, -0.00016, -0.01451, -0.04743, -0.01779, -0.04743, -0.01779, -0.34004, 0.00347, 0.00725, 0.00347, 0.00725, 0.00347, 0.02944, 0.21349, 0.02944, 0.21349, 0.31459]","[(None, 23, 19, None, None), (None, None, None, 8, None), (None, 30, 29, 10, None), 'specific_part']",5.529452311999194,0.7272727272727273,0.75
"[(22, 14, 29, 8, 10), 2, (23, 22, 19, 9, 10), 1, (22, 23, 19, 8, 10), 2, (23, 22, 29, 9, 10), 1, (22, 23, 19, 8, 10), 2, (30, 22, 29, 9, 10), 2, (22, 30, 19, 8, 10), 1, (30, 22, 46, 9, 10), 2, (22, 30, 19, 8, 10), 1, (30, 22, 29, 9, 10), 2, (38, 30, 29, 10, 10), 3, (30, 38, 46, 9, 10), 2, (22, 30, 29, 8, 10)]","[0.01867, -0.048, -0.048, 0.01867, -0.048, -0.108, 0.01333, -0.34267, -0.34267, -0.02933, -0.34267, 0.05733, 0.096, 0.05733, 0.31867, 0.37467, 0.31867]","[(None, 23, 19, None, None), (None, 23, 19, None, None), (None, None, None, 8, None), (None, None, None, 8, None), (None, None, None, 10, None), 'specific_part']",0.2520535370003927,0.5454545454545454,0.9,"[-0.00016, -0.01451, -0.04743, -0.01779, -0.04743, -0.01779, -0.34004, 0.00347, 0.00725, 0.00347, 0.00725, 0.00347, 0.21349, 0.02944, 0.21349, 0.31459, 0.21349]","[(None, 23, 19, None, None), (None, None, None, 8, None), (None, 30, 29, 10, None), 'specific_part']",5.24605444700137,0.7272727272727273,0.75
"[(23, 22, 19, 9, 10), 1, (22, 23, 19, 8, 10), 2, (23, 22, 29, 9, 10), 1, (22, 23, 19, 8, 10), 2, (30, 22, 29, 9, 10), 2, (22, 30, 19, 8, 10), 1, (30, 22, 46, 9, 10), 2, (22, 30, 19, 8, 10), 1, (30, 22, 29, 9, 10), 2, (38, 30, 29, 10, 10), 3, (30, 38, 46, 9, 10), 2, (22, 30, 29, 8, 10), 2, (23, 22, 19, 9, 10)]","[-0.048, 0.01867, -0.048, -0.108, 0.01333, -0.34267, -0.34267, -0.02933, -0.34267, 0.05733, 0.096, 0.05733, 0.37467, 0.31867, 0.296]","[(None, 23, 19, None, None), (None, None, None, 8, None), (None, None, None, 8, None), (None, None, None, 10, None), 'specific_part']",0.23168182799963688,0.6363636363636364,0.9375,"[-0.04743, -0.01779, -0.04743, -0.01779, -0.34004, 0.00347, 0.00725, 0.00347, 0.00725, 0.00347, 0.02944, 0.21349, 0.31459, 0.21349, 0.11968]","[(None, None, None, 8, None), (None, 30, 29, 10, None), 'specific_part']",4.197887483000159,0.8181818181818181,0.75
"[(22, 23, 19, 8, 10), 2, (23, 22, 29, 9, 10), 1, (22, 23, 19, 8, 10), 2, (30, 22, 29, 9, 10), 2, (22, 30, 19, 8, 10), 1, (30, 22, 46, 9, 10), 2, (22, 30, 19, 8, 10), 1, (30, 22, 29, 9, 10), 2, (38, 30, 29, 10, 10), 3, (30, 38, 46, 9, 10), 2, (22, 30, 29, 8, 10), 2, (23, 22, 19, 9, 10), 1, (31, 23, 46, 10, 10)]","[-0.01067, 0.0, -0.01067, -0.01333, 0.04133, 0.15067, 0.31867, 0.296, 0.02267]","[(38, None, None, None, None), (None, None, None, 9, None), 'specific_part']",0.10046197300107451,0.8181818181818181,1.0,"[-0.01779, -0.04743, -0.01779, -0.34004, 0.00347, 0.00725, 0.00347, 0.00725, 0.00347, 0.21349, 0.31459, 0.21349, 0.11968, -0.09296]","[(None, None, None, 8, None), (None, 30, 29, 10, None), 'specific_part']",4.028352344999803,0.8181818181818181,0.75
"[(23, 22, 29, 9, 10), 1, (22, 23, 19, 8, 10), 2, (30, 22, 29, 9, 10), 2, (22, 30, 19, 8, 10), 1, (30, 22, 46, 9, 10), 2, (22, 30, 19, 8, 10), 1, (30, 22, 29, 9, 10), 2, (38, 30, 29, 10, 10), 3, (30, 38, 46, 9, 10), 2, (22, 30, 29, 8, 10), 2, (23, 22, 19, 9, 10), 1, (31, 23, 46, 10, 10), 1, (31, 31, 46, 10, 10)]","[-0.002, 0.0, -0.002, 0.296, 0.02267, -0.16]","[(22, 30, 29, None, None), 'specific_part']",0.03967425300106697,0.9090909090909091,0.5,"[-0.04743, -0.01779, -0.34004, 0.00347, 0.00725, 0.00347, 0.00725, 0.00347, 0.31459, 0.21349, 0.11968, -0.09296, -0.14048]","[(None, None, None, 8, None), (None, 30, 29, 10, None), 'specific_part']",4.02825550200032,0.8181818181818181,0.75
"[(22, 23, 19, 8, 10), 2, (30, 22, 29, 9, 10), 2, (22, 30, 19, 8, 10), 1, (30, 22, 46, 9, 10), 2, (22, 30, 19, 8, 10), 1, (30, 22, 29, 9, 10), 2, (38, 30, 29, 10, 10), 3, (30, 38, 46, 9, 10), 2, (22, 30, 29, 8, 10), 2, (23, 22, 19, 9, 10), 1, (31, 23, 46, 10, 10), 1, (31, 31, 46, 10, 10), 1, (39, 31, 46, 11, 10)]","[-0.01067, 0.0, -0.01067, 0.03267, 0.002, -0.01267, 0.02267, -0.16, -0.16]","[(38, None, None, None, None), (None, None, 19, 9, None), 'specific_part']",0.09588521899968327,0.8181818181818181,0.875,"[0.00803, 0.01256, 0.00965, 0.01256, 0.00965, 0.01256, 0.00231, 0.01299, 0.00231, 0.01299, 0.02503, 0.21349, 0.11968, -0.09296, -0.14048, -0.14048]","[(30, None, None, None, None), (38, None, None, None, None), (None, None, 46, 9, None), 'specific_part']",4.902785127000243,0.7272727272727273,0.9166666666666666
"[(30, 22, 29, 9, 10), 2, (22, 30, 19, 8, 10), 1, (30, 22, 46, 9, 10), 2, (22, 30, 19, 8, 10), 1, (30, 22, 29, 9, 10), 2, (38, 30, 29, 10, 10), 3, (30, 38, 46, 9, 10), 2, (22, 30, 29, 8, 10), 2, (23, 22, 19, 9, 10), 1, (31, 23, 46, 10, 10), 1, (31, 31, 46, 10, 10), 1, (39, 31, 46, 11, 10), 2, (31, 39, 46, 10, 10)]","[-0.01067, 0.0, -0.01067, 0.15067, 0.04133, 0.02933, 0.05333, -0.16, -0.16, -0.16, -0.16, -0.10533]","[(38, None, None, None, None), (None, None, None, 9, None), (None, 31, None, None, None), 'specific_part']",0.14770546999898215,0.7272727272727273,1.0,"[0.04888, 0.02789, 0.04888, 0.02789, 0.04888, 0.00087, 0.00181, 0.00087, 0.002, 0.00087, 0.11968, -0.09296, -0.14048, -0.14048, -0.09688]","[(None, None, None, 10, None), (22, 30, 29, None, None), 'specific_part']",3.8894255259983765,0.8181818181818181,0.75
"[(22, 30, 19, 8, 10), 1, (30, 22, 46, 9, 10), 2, (22, 30, 19, 8, 10), 1, (30, 22, 29, 9, 10), 2, (38, 30, 29, 10, 10), 3, (30, 38, 46, 9, 10), 2, (22, 30, 29, 8, 10), 2, (23, 22, 19, 9, 10), 1, (31, 23, 46, 10, 10), 1, (31, 31, 46, 10, 10), 1, (39, 31, 46, 11, 10), 2, (31, 39, 46, 10, 10), 1, (39, 31, 46, 11, 10)]","[-0.01067, 0.0, -0.01067, 0.15067, 0.04133, 0.02933, 0.05333, -0.16, -0.16, -0.16, -0.10533, -0.16]","[(38, None, None, None, None), (None, None, None, 9, None), (None, 31, None, None, None), 'specific_part']",0.14427840200005448,0.7272727272727273,1.0,"[0.00965, 0.01256, 0.00965, 0.01256, -0.05072, 0.03395, 0.06931, 0.03395, -0.07312, -0.09296, -0.14048, -0.14048, -0.09688, -0.14048]","[(38, None, None, None, None), (None, None, None, 9, None), 'specific_part']",4.105007131998718,0.8181818181818181,1.0
"[(30, 22, 46, 9, 10), 2, (22, 30, 19, 8, 10), 1, (30, 22, 29, 9, 10), 2, (38, 30, 29, 10, 10), 3, (30, 38, 46, 9, 10), 2, (22, 30, 29, 8, 10), 2, (23, 22, 19, 9, 10), 1, (31, 23, 46, 10, 10), 1, (31, 31, 46, 10, 10), 1, (39, 31, 46, 11, 10), 2, (31, 39, 46, 10, 10), 1, (39, 31, 46, 11, 10), 2, (39, 39, 29, 11, 10)]","[-0.01067, 0.0, -0.01067, 0.15067, 0.04133, 0.02933, 0.05333, -0.16, -0.16, -0.10533, -0.16, -0.10533]","[(38, None, None, None, None), (None, None, None, 9, None), (None, 31, None, None, None), 'specific_part']",0.1463566480015288,0.7272727272727273,1.0,"[0.03395, -0.05072, 0.03395, 0.06931, 0.07013, 0.06853, -0.02907, -0.09467, -0.09467, -0.14048, -0.14048, -0.09688, -0.14048, -0.09688]","[(None, None, None, 9, None), (None, 31, None, None, None), 'specific_part']",4.260915429000306,0.8181818181818181,1.0
"[(22, 30, 19, 8, 10), 1, (30, 22, 29, 9, 10), 2, (38, 30, 29, 10, 10), 3, (30, 38, 46, 9, 10), 2, (22, 30, 29, 8, 10), 2, (23, 22, 19, 9, 10), 1, (31, 23, 46, 10, 10), 1, (31, 31, 46, 10, 10), 1, (39, 31, 46, 11, 10), 2, (31, 39, 46, 10, 10), 1, (39, 31, 46, 11, 10), 2, (39, 39, 29, 11, 10), 1, (38, 39, 46, 10, 10)]","[0.0, -0.01067, 0.15067, 0.04133, 0.02933, 0.05333, -0.16, -0.16, -0.16, 0.03333, -0.16, -0.16, -0.10533, -0.28667]","[(38, None, None, None, None), (None, None, None, 9, None), (None, 31, None, None, None), (None, 31, None, None, None), 'specific_part']",0.19323213099960412,0.6363636363636364,1.0,"[-0.05072, 0.03395, 0.06931, 0.07013, 0.06853, -0.02907, -0.09467, -0.09467, -0.14048, -0.09688, -0.14048, -0.09688, -0.18712]","[(None, None, None, 9, None), (None, 31, None, None, None), 'specific_part']",4.025204378000126,0.8181818181818181,1.0
"[(30, 22, 29, 9, 10), 2, (38, 30, 29, 10, 10), 3, (30, 38, 46, 9, 10), 2, (22, 30, 29, 8, 10), 2, (23, 22, 19, 9, 10), 1, (31, 23, 46, 10, 10), 1, (31, 31, 46, 10, 10), 1, (39, 31, 46, 11, 10), 2, (31, 39, 46, 10, 10), 1, (39, 31, 46, 11, 10), 2, (39, 39, 29, 11, 10), 1, (38, 39, 46, 10, 10), 3, (30, 38, 46, 9, 10)]","[-0.002, 0.0, -0.002, 0.02, 0.09333, -0.24, -0.068, -0.068, -0.11733, 0.048, 0.01333, -0.02933, -0.10533, -0.28667, 0.37467]","[(22, 30, 29, None, None), (None, 23, None, None, None), (31, None, None, None, None), (None, 39, None, 10, None), 'specific_part']",0.1799359260003257,0.6363636363636364,0.8125,"[0.01256, 0.04051, 0.01851, 0.02059, -0.00517, -0.02709, 0.00664, -0.01285, 0.00664, -0.01285, -0.00827, -0.09688, -0.14048, -0.09688, -0.18712, 0.31459]","[(38, None, None, None, None), (None, 31, None, 10, None), (38, None, None, None, None), 'specific_part']",4.676139004999641,0.7272727272727273,0.9166666666666666
"[(38, 30, 29, 10, 10), 3, (30, 38, 46, 9, 10), 2, (22, 30, 29, 8, 10), 2, (23, 22, 19, 9, 10), 1, (31, 23, 46, 10, 10), 1, (31, 31, 46, 10, 10), 1, (39, 31, 46, 11, 10), 2, (31, 39, 46, 10, 10), 1, (39, 31, 46, 11, 10), 2, (39, 39, 29, 11, 10), 1, (38, 39, 46, 10, 10), 3, (30, 38, 46, 9, 10), 2, (31, 30, 29, 10, 10)]","[0.0, -0.002, 0.02, 0.09333, -0.24, -0.068, -0.068, -0.11733, 0.048, 0.01333, -0.02933, -0.28667, 0.37467, 0.31867]","[(22, 30, 29, None, None), (None, 23, None, None, None), (31, None, None, None, None), (None, 39, None, 10, None), 'specific_part']",0.18072246900010214,0.6363636363636364,0.8125,"[0.04051, 0.01851, 0.02059, -0.00517, -0.02709, 0.00664, -0.01285, 0.00664, -0.01285, -0.00827, -0.14048, -0.09688, -0.18712, 0.31459, 0.21349]","[(None, 31, None, 10, None), (38, None, None, None, None), 'specific_part']",3.7983943199997157,0.8181818181818181,0.875
"[(30, 38, 46, 9, 10), 2, (22, 30, 29, 8, 10), 2, (23, 22, 19, 9, 10), 1, (31, 23, 46, 10, 10), 1, (31, 31, 46, 10, 10), 1, (39, 31, 46, 11, 10), 2, (31, 39, 46, 10, 10), 1, (39, 31, 46, 11, 10), 2, (39, 39, 29, 11, 10), 1, (38, 39, 46, 10, 10), 3, (30, 38, 46, 9, 10), 2, (31, 30, 29, 10, 10), 2, (39, 31, 29, 11, 10)]","[0.02, 0.09333, -0.24, -0.068, -0.068, -0.11733, 0.048, 0.01333, -0.02933, 0.37467, 0.31867, -0.0]","[(None, 23, None, None, None), (31, None, None, None, None), (None, 39, None, 10, None), 'specific_part']",0.15436040999884426,0.7272727272727273,0.9166666666666666,"[0.01851, 0.02059, -0.00517, -0.02709, 0.00664, -0.01285, 0.00664, -0.01285, -0.00827, -0.09688, -0.18712, 0.31459, 0.21349, -0.0464]","[(None, 31, None, 10, None), (38, None, None, None, None), 'specific_part']",3.5918953669988696,0.8181818181818181,0.875
"[(22, 30, 29, 8, 10), 2, (23, 22, 19, 9, 10), 1, (31, 23, 46, 10, 10), 1, (31, 31, 46, 10, 10), 1, (39, 31, 46, 11, 10), 2, (31, 39, 46, 10, 10), 1, (39, 31, 46, 11, 10), 2, (39, 39, 29, 11, 10), 1, (38, 39, 46, 10, 10), 3, (30, 38, 46, 9, 10), 2, (31, 30, 29, 10, 10), 2, (39, 31, 29, 11, 10), 2, (39, 39, 29, 11, 10)]","[0.09333, -0.24, -0.034, -0.034, -0.05867, 0.02533, -0.06, -0.012, 0.044, -0.02, 0.15067, 0.31867, -0.0, -0.10533]","[(None, 23, None, None, None), (31, None, 46, None, None), (38, None, None, None, None), (None, None, None, 9, None), 'specific_part']",0.19138196499989135,0.6363636363636364,0.9375,"[0.02059, -0.00517, -0.02709, 0.00664, -0.01285, 0.00664, -0.01285, -0.00827, -0.18712, 0.31459, 0.21349, -0.0464, -0.09688]","[(None, 31, None, 10, None), (38, None, None, None, None), 'specific_part']",3.512657229000979,0.8181818181818181,0.875
"[(23, 22, 19, 9, 10), 1, (31, 23, 46, 10, 10), 1, (31, 31, 46, 10, 10), 1, (39, 31, 46, 11, 10), 2, (31, 39, 46, 10, 10), 1, (39, 31, 46, 11, 10), 2, (39, 39, 29, 11, 10), 1, (38, 39, 46, 10, 10), 3, (30, 38, 46, 9, 10), 2, (31, 30, 29, 10, 10), 2, (39, 31, 29, 11, 10), 2, (39, 39, 29, 11, 10), 1, (39, 39, 29, 11, 10)]","[-0.032, 0.0, -0.006, -0.0, -0.10533, -0.28667]","[(31, 30, 29, None, None), 'specific_part']",0.036449446000915486,0.9090909090909091,0.5,"[-0.00517, -0.02709, 0.00664, -0.01285, 0.00664, -0.01285, -0.00827, 0.31459, 0.21349, -0.0464, -0.09688, -0.18712]","[(None, 31, None, 10, None), (38, None, None, None, None), 'specific_part']",3.4301944829985587,0.8181818181818181,0.875
"[(31, 23, 46, 10, 10), 1, (31, 31, 46, 10, 10), 1, (39, 31, 46, 11, 10), 2, (31, 39, 46, 10, 10), 1, (39, 31, 46, 11, 10), 2, (39, 39, 29, 11, 10), 1, (38, 39, 46, 10, 10), 3, (30, 38, 46, 9, 10), 2, (31, 30, 29, 10, 10), 2, (39, 31, 29, 11, 10), 2, (39, 39, 29, 11, 10), 1, (39, 39, 29, 11, 10), 1, (39, 39, 29, 11, 10)]","[-0.034, -0.034, -0.05867, 0.02533, -0.06, -0.012, 0.27333, 0.18667, -0.16, -0.10533, -0.28667, -0.28667]","[(31, None, 46, None, None), (38, None, None, None, None), (None, 31, None, None, None), 'specific_part']",0.13717443499990623,0.7272727272727273,0.9166666666666666,"[-0.02709, 0.00664, -0.01285, 0.00664, -0.01285, -0.00827, 0.00411, -0.01332, 0.00411, -0.00891, 0.02503, 0.21349, -0.0464, -0.09688, -0.18712, -0.18712]","[(None, 31, None, 10, None), (38, None, None, None, None), (None, None, 46, 9, None), 'specific_part']",5.02262740200058,0.7272727272727273,0.8333333333333334
"[(39, 31, 46, 11, 10), 2, (39, 39, 29, 11, 10), 1, (38, 39, 46, 10, 10), 3, (30, 38, 46, 9, 10), 2, (31, 30, 29, 10, 10), 2, (39, 31, 29, 11, 10), 2, (39, 39, 29, 11, 10), 1, (39, 39, 29, 11, 10), 1, (39, 39, 29, 11, 10), 1, (47, 39, 46, 12, 10), 2, (47, 47, 54, 12, 10), 2, (47, 47, 54, 12, 10), 2, (39, 47, 46, 11, 10)]","[0.044, -0.02, 0.15067, 0.21867, 0.08, 0.08, 0.01267, 0.01267, 0.01267, 0.06533, 0.06533, 0.06533]","[(None, None, None, 9, None), (None, None, None, 11, None), (None, None, 46, None, None), 'specific_part']",0.16328947600050014,0.7272727272727273,1.0,"[-0.01688, -0.03928, 0.07352, 0.0376, -0.02816, 0.01959, 0.02135, 0.01569, 0.01569, 0.01569, -0.18712, -0.18712, 0.06912, 0.06912, 0.06912]","[(None, 31, None, 11, None), (None, None, 46, None, None), 'specific_part']",3.7239270779991784,0.8181818181818181,0.875
"[(38, 39, 46, 10, 10), 3, (30, 38, 46, 9, 10), 2, (31, 30, 29, 10, 10), 2, (39, 31, 29, 11, 10), 2, (39, 39, 29, 11, 10), 1, (39, 39, 29, 11, 10), 1, (39, 39, 29, 11, 10), 1, (47, 39, 46, 12, 10), 2, (47, 47, 54, 12, 10), 2, (47, 47, 54, 12, 10), 2, (39, 47, 46, 11, 10), 1, (47, 39, 54, 12, 10), 2, (39, 47, 29, 11, 10)]","[0.108, 0.112, -0.056, 0.01067, -0.05867, -0.05867, 0.152, 0.13867, 0.13867, 0.06533, -0.28667, 0.06533]","[(None, 31, None, 11, None), (None, 39, 29, 11, None), (None, 47, None, 12, None), 'specific_part']",0.09793961899958958,0.7272727272727273,0.6666666666666666,"[0.07352, 0.0376, -0.02816, 0.01959, 0.02135, 0.01569, 0.01569, 0.01569, 0.06912, 0.06912, 0.06912, -0.18712, 0.06912]","[(None, 31, None, 11, None), (None, None, 46, None, None), 'specific_part']",3.3006931870004337,0.8181818181818181,0.875
"[(2, 1, 19, 2, 10), 2, (2, 2, 42, 2, 10), 1, (10, 2, 42, 3, 10), 2, (11, 10, 19, 4, 10), 3, (12, 11, 19, 5, 10), 2, (4, 12, 19, 4, 10), 2, (5, 4, 29, 5, 10), 2, (5, 5, 19, 5, 10), 2, (6, 5, 19, 6, 10), 2, (7, 6, 19, 7, 10), 1, (15, 7, 29, 8, 10), 1, (15, 15, 29, 8, 10), 1, (23, 15, 19, 9, 10)]","[-0.012, -0.108, -0.00667, 0.11467, 0.184, -0.1, 0.00133, 0.01067, -0.044, 0.168, 0.04, -0.072, 0.22667, 0.23733, 0.23733]","[(11, None, None, None, None), (4, None, None, None, None), (None, 5, None, 5, None), (None, 7, None, 8, None), 'specific_part']",0.18413748300008592,0.6363636363636364,0.875,"[-0.02272, -0.0304, -0.03165, 0.01104, 0.02011, -0.00917, -0.01749, -0.01091, 0.18384, 0.13904, 0.08261, 0.02555, 0.02555]","[(11, None, None, None, None), (None, 5, None, 5, None), 'specific_part']",3.7027388900005462,0.8181818181818181,0.875
"[(2, 2, 42, 2, 10), 1, (10, 2, 42, 3, 10), 2, (11, 10, 19, 4, 10), 3, (12, 11, 19, 5, 10), 2, (4, 12, 19, 4, 10), 2, (5, 4, 29, 5, 10), 2, (5, 5, 19, 5, 10), 2, (6, 5, 19, 6, 10), 2, (7, 6, 19, 7, 10), 1, (15, 7, 29, 8, 10), 1, (15, 15, 29, 8, 10), 1, (23, 15, 19, 9, 10), 1, (22, 23, 29, 8, 10)]","[-0.108, -0.00667, 0.11467, 0.184, -0.1, 0.00133, 0.01067, -0.044, 0.168, 0.04, -0.072, 0.23733, 0.23733, 0.02267]","[(11, None, None, None, None), (4, None, None, None, None), (None, 5, None, 5, None), (None, 7, None, 8, None), 'specific_part']",0.17559630799951265,0.6363636363636364,0.875,"[-0.0304, -0.03165, 0.06032, -0.02763, -0.05232, -0.03405, -0.03405, 0.13904, 0.08261, 0.02555, 0.02555, -0.09296]","[(11, None, None, None, None), (6, 5, None, None, None), 'specific_part']",3.207347491999826,0.8181818181818181,0.875
"[(10, 2, 42, 3, 10), 2, (11, 10, 19, 4, 10), 3, (12, 11, 19, 5, 10), 2, (4, 12, 19, 4, 10), 2, (5, 4, 29, 5, 10), 2, (5, 5, 19, 5, 10), 2, (6, 5, 19, 6, 10), 2, (7, 6, 19, 7, 10), 1, (15, 7, 29, 8, 10), 1, (15, 15, 29, 8, 10), 1, (23, 15, 19, 9, 10), 1, (22, 23, 29, 8, 10), 1, (23, 22, 19, 9, 10)]","[0.11467, 0.184, -0.1, 0.088, -0.06533, -0.06533, 0.048, -0.02933, -0.048, 0.23733, 0.02267, 0.168]","[(4, None, None, None, None), (6, None, None, None, None), (None, 15, None, 8, None), 'specific_part']",0.14655140499962727,0.7272727272727273,0.9166666666666666,"[0.01933, 0.03772, -0.03723, 0.00789, 0.0096, -0.03275, -0.03275, -0.03621, 0.08261, 0.02555, 0.02555, -0.09296, 0.02944]","[(4, None, 19, None, None), (None, 6, None, 7, None), 'specific_part']",4.049582178000492,0.8181818181818181,0.75
"[(11, 10, 19, 4, 10), 3, (12, 11, 19, 5, 10), 2, (4, 12, 19, 4, 10), 2, (5, 4, 29, 5, 10), 2, (5, 5, 19, 5, 10), 2, (6, 5, 19, 6, 10), 2, (7, 6, 19, 7, 10), 1, (15, 7, 29, 8, 10), 1, (15, 15, 29, 8, 10), 1, (23, 15, 19, 9, 10), 1, (22, 23, 29, 8, 10), 1, (23, 22, 19, 9, 10), 1, (23, 23, 29, 9, 10)]","[0.184, -0.1, 0.00133, 0.01067, -0.044, 0.168, 0.04, -0.072, 0.01067, 0.01067, -0.048, 0.02267, 0.168, 0.02267]","[(4, None, None, None, None), (None, 5, None, 5, None), (None, 7, None, 8, None), (None, 23, None, 8, None), 'specific_part']",0.17726301800030342,0.6363636363636364,0.8125,"[0.06032, -0.02763, -0.05232, -0.03405, -0.03405, 0.01344, -0.00128, -0.01547, -0.01547, -0.01451, 0.02555, 0.02555, -0.09296, 0.02944, -0.09296]","[(6, 5, None, None, None), (None, 23, None, 8, None), 'specific_part']",3.776799459999893,0.8181818181818181,0.75
"[(12, 11, 19, 5, 10), 2, (4, 12, 19, 4, 10), 2, (5, 4, 29, 5, 10), 2, (5, 5, 19, 5, 10), 2, (6, 5, 19, 6, 10), 2, (7, 6, 19, 7, 10), 1, (15, 7, 29, 8, 10), 1, (15, 15, 29, 8, 10), 1, (23, 15, 19, 9, 10), 1, (22, 23, 29, 8, 10), 1, (23, 22, 19, 9, 10), 1, (23, 23, 29, 9, 10), 1, (31, 23, 29, 10, 10)]","[0.00133, 0.01067, -0.044, 0.168, 0.04, -0.072, 0.01067, 0.01067, -0.048, 0.168, 0.02267, 0.02267]","[(None, 5, None, 5, None), (None, 7, None, 8, None), (None, 23, None, 8, None), 'specific_part']",0.13398302099994908,0.7272727272727273,0.75,"[-0.02763, -0.05232, -0.03405, -0.03405, 0.01344, -0.00128, -0.01547, -0.01547, -0.01451, 0.02555, -0.09296, 0.02944, -0.09296, -0.09296]","[(6, 5, None, None, None), (None, 23, None, 8, None), 'specific_part']",3.6986580369994044,0.8181818181818181,0.75
"[(4, 12, 19, 4, 10), 2, (5, 4, 29, 5, 10), 2, (5, 5, 19, 5, 10), 2, (6, 5, 19, 6, 10), 2, (7, 6, 19, 7, 10), 1, (15, 7, 29, 8, 10), 1, (15, 15, 29, 8, 10), 1, (23, 15, 19, 9, 10), 1, (22, 23, 29, 8, 10), 1, (23, 22, 19, 9, 10), 1, (23, 23, 29, 9, 10), 1, (31, 23, 29, 10, 10), 1, (31, 31, 46, 10, 10)]","[-0.112, 0.06933, 0.06933, -0.06133, -0.016, -0.056, -0.056, -0.056, -0.04667, -0.05533, 0.02267, 0.02267, -0.16]","[(5, 4, None, None, None), (7, None, None, None, None), (None, None, 19, 9, None), (None, None, 19, 9, None), 'specific_part']",0.1715776860000915,0.6363636363636364,0.8125,"[-0.05232, -0.03405, -0.03405, 0.01344, -0.00128, -0.01547, -0.01547, -0.01451, -0.09296, 0.02944, -0.09296, -0.09296, -0.14048]","[(6, 5, None, None, None), (None, 23, None, 8, None), 'specific_part']",3.4846588319996954,0.8181818181818181,0.75
"[(5, 4, 29, 5, 10), 2, (5, 5, 19, 5, 10), 2, (6, 5, 19, 6, 10), 2, (7, 6, 19, 7, 10), 1, (15, 7, 29, 8, 10), 1, (15, 15, 29, 8, 10), 1, (23, 15, 19, 9, 10), 1, (22, 23, 29, 8, 10), 1, (23, 22, 19, 9, 10), 1, (23, 23, 29, 9, 10), 1, (31, 23, 29, 10, 10), 1, (31, 31, 46, 10, 10), 1, (39, 31, 46, 11, 10)]","[-0.044, 0.168, 0.04, -0.072, 0.01067, 0.01067, -0.048, -0.048, -0.00267, -0.048, 0.02267, -0.16, -0.16]","[(None, 5, None, 5, None), (None, 7, None, 8, None), (None, 23, None, 8, None), (None, 23, None, 9, None), 'specific_part']",0.1720395450010983,0.6363636363636364,0.75,"[-0.03405, -0.03405, 0.01344, -0.00128, -0.01547, -0.01547, -0.01451, 0.02944, -0.09296, -0.09296, -0.14048, -0.14048]","[(6, 5, None, None, None), (None, 23, None, 8, None), 'specific_part']",3.381336499000099,0.8181818181818181,0.75
"[(23, 15, 19, 9, 10), 1, (22, 23, 29, 8, 10), 1, (23, 22, 19, 9, 10), 1, (23, 23, 29, 9, 10), 1, (31, 23, 29, 10, 10), 1, (31, 31, 46, 10, 10), 1, (39, 31, 46, 11, 10), 2, (47, 39, 54, 12, 10), 2, (55, 47, 46, 13, 10), 2, (55, 55, 46, 13, 10), 2, (47, 55, 54, 12, 10), 1, (47, 47, 46, 12, 10), 2, (39, 47, 46, 11, 10)]","[-0.048, -0.008, -0.144, -0.144, 0.104, 0.104, 0.032, 0.01867, 0.02933, 0.04267, 0.168, 0.168, -0.022, 0.00133, -0.13733, 0.06533]","[(None, 23, None, 8, None), (None, 23, None, 10, None), (None, 39, None, 12, None), (None, 47, None, 13, None), (None, None, 46, None, None), 'specific_part']",0.18404971699965245,0.5454545454545454,0.8,"[-0.01677, -0.03348, 0.06987, 0.06987, -0.01707, -0.01707, -0.00293, 0.06912, 0.01309, 0.01309, -0.11008, 0.06912]","[(None, None, 19, 9, None), (None, 39, None, None, None), 'specific_part']",3.3445945309995295,0.8181818181818181,0.875
"[(22, 23, 29, 8, 10), 1, (23, 22, 19, 9, 10), 1, (23, 23, 29, 9, 10), 1, (31, 23, 29, 10, 10), 1, (31, 31, 46, 10, 10), 1, (39, 31, 46, 11, 10), 2, (47, 39, 54, 12, 10), 2, (55, 47, 46, 13, 10), 2, (55, 55, 46, 13, 10), 2, (47, 55, 54, 12, 10), 1, (47, 47, 46, 12, 10), 2, (39, 47, 46, 11, 10), 1, (38, 39, 46, 10, 10)]","[-0.008, -0.144, -0.144, 0.104, 0.104, 0.032, 0.01867, 0.02933, 0.04267, 0.168, 0.168, -0.022, -0.13733, 0.06533, -0.28667]","[(None, 23, None, 10, None), (None, 39, None, 12, None), (None, 47, None, 13, None), (None, None, 46, None, None), 'specific_part']",0.14818847000060487,0.6363636363636364,0.8125,"[-0.03348, 0.03627, 0.03627, 0.00741, 0.00741, 0.01253, 0.02144, 0.02624, 0.02624, 0.02267, 0.036, 0.02135, -0.16667, 0.17241, 0.17241, -0.01349, 0.01309, 0.01309, -0.11008, 0.06912, -0.18712]","[(None, None, 19, 9, None), (None, 39, None, 12, None), (None, 47, None, 13, None), (None, None, 46, None, None), 'specific_part']",5.388234841999292,0.6363636363636364,0.8125
"[(23, 22, 19, 9, 10), 1, (23, 23, 29, 9, 10), 1, (31, 23, 29, 10, 10), 1, (31, 31, 46, 10, 10), 1, (39, 31, 46, 11, 10), 2, (47, 39, 54, 12, 10), 2, (55, 47, 46, 13, 10), 2, (55, 55, 46, 13, 10), 2, (47, 55, 54, 12, 10), 1, (47, 47, 46, 12, 10), 2, (39, 47, 46, 11, 10), 1, (38, 39, 46, 10, 10), 3, (30, 38, 46, 9, 10)]","[-0.144, -0.144, 0.104, 0.104, 0.032, 0.01867, 0.02933, 0.04267, 0.034, 0.034, -0.044, -0.016, 0.016, -0.02933, 0.06533, -0.28667, 0.37467]","[(None, 23, None, 10, None), (None, 39, None, 12, None), (None, 47, None, 13, None), (None, None, 46, 12, None), (None, 39, None, 10, None), 'specific_part']",0.17896940399987216,0.5454545454545454,0.75,"[0.03627, 0.03627, 0.00741, 0.00741, 0.01253, 0.04213, 0.07173, 0.03309, 0.03309, -0.02949, 0.00144, 0.00144, -0.00939, 0.01291, -0.00827, 0.01309, -0.11008, 0.06912, -0.18712, 0.31459]","[(None, 39, None, 12, None), (None, None, 46, 12, None), (38, None, None, None, None), 'specific_part']",4.058962980998331,0.7272727272727273,0.8333333333333334
"[(23, 23, 29, 9, 10), 1, (31, 23, 29, 10, 10), 1, (31, 31, 46, 10, 10), 1, (39, 31, 46, 11, 10), 2, (47, 39, 54, 12, 10), 2, (55, 47, 46, 13, 10), 2, (55, 55, 46, 13, 10), 2, (47, 55, 54, 12, 10), 1, (47, 47, 46, 12, 10), 2, (39, 47, 46, 11, 10), 1, (38, 39, 46, 10, 10), 3, (30, 38, 46, 9, 10), 2, (31, 30, 29, 10, 10)]","[-0.144, 0.104, 0.104, 0.032, 0.01867, 0.02933, 0.04267, 0.034, 0.034, -0.044, -0.016, 0.016, -0.02933, -0.28667, 0.37467, 0.31867]","[(None, 23, None, 10, None), (None, 39, None, 12, None), (None, 47, None, 13, None), (None, None, 46, 12, None), (None, 39, None, 10, None), 'specific_part']",0.17592483700173034,0.5454545454545454,0.75,"[0.03627, 0.00741, 0.00741, 0.01253, 0.04213, 0.07173, 0.03309, 0.03309, -0.02949, 0.00144, 0.00144, -0.00939, 0.01291, -0.00827, -0.11008, 0.06912, -0.18712, 0.31459, 0.21349]","[(None, 39, None, 12, None), (None, None, 46, 12, None), (38, None, None, None, None), 'specific_part']",4.0524013149988605,0.7272727272727273,0.8333333333333334
"[(31, 23, 29, 10, 10), 1, (31, 31, 46, 10, 10), 1, (39, 31, 46, 11, 10), 2, (47, 39, 54, 12, 10), 2, (55, 47, 46, 13, 10), 2, (55, 55, 46, 13, 10), 2, (47, 55, 54, 12, 10), 1, (47, 47, 46, 12, 10), 2, (39, 47, 46, 11, 10), 1, (38, 39, 46, 10, 10), 3, (30, 38, 46, 9, 10), 2, (31, 30, 29, 10, 10), 2, (23, 31, 29, 9, 10)]","[0.104, 0.104, 0.032, 0.01867, 0.02933, 0.04267, 0.034, 0.034, -0.044, -0.016, 0.016, -0.02933, 0.37467, 0.31867, -0.0]","[(None, 39, None, 12, None), (None, 47, None, 13, None), (None, None, 46, 12, None), (None, 39, None, 10, None), 'specific_part']",0.14695720900090237,0.6363636363636364,0.75,"[0.00741, 0.00741, 0.01253, 0.04213, 0.07173, 0.03309, 0.03309, -0.02949, 0.00144, 0.00144, -0.00939, 0.01291, -0.00827, 0.06912, -0.18712, 0.31459, 0.21349, -0.0464]","[(None, 39, None, 12, None), (None, None, 46, 12, None), (38, None, None, None, None), 'specific_part']",3.9653313680009887,0.7272727272727273,0.8333333333333334
"[(31, 31, 46, 10, 10), 1, (39, 31, 46, 11, 10), 2, (47, 39, 54, 12, 10), 2, (55, 47, 46, 13, 10), 2, (55, 55, 46, 13, 10), 2, (47, 55, 54, 12, 10), 1, (47, 47, 46, 12, 10), 2, (39, 47, 46, 11, 10), 1, (38, 39, 46, 10, 10), 3, (30, 38, 46, 9, 10), 2, (31, 30, 29, 10, 10), 2, (23, 31, 29, 9, 10), 1, (23, 23, 19, 9, 10)]","[0.01867, 0.02933, 0.04267, 0.034, 0.034, -0.044, -0.00933, 0.01733, -0.012, -0.01067, -0.02, 0.15067, 0.31867, -0.0, 0.02267]","[(None, 47, None, 13, None), (None, None, 46, 12, None), (38, None, None, None, None), (None, None, None, 9, None), 'specific_part']",0.1624996470000042,0.6363636363636364,0.875,"[0.00741, 0.01253, 0.04213, 0.07173, 0.03309, 0.03309, -0.02949, 0.00144, 0.00144, -0.00939, 0.01291, -0.00827, -0.18712, 0.31459, 0.21349, -0.0464, -0.09296]","[(None, 39, None, 12, None), (None, None, 46, 12, None), (38, None, None, None, None), 'specific_part']",3.9038944950007135,0.7272727272727273,0.8333333333333334
"[(39, 31, 46, 11, 10), 2, (47, 39, 54, 12, 10), 2, (55, 47, 46, 13, 10), 2, (55, 55, 46, 13, 10), 2, (47, 55, 54, 12, 10), 1, (47, 47, 46, 12, 10), 2, (39, 47, 46, 11, 10), 1, (38, 39, 46, 10, 10), 3, (30, 38, 46, 9, 10), 2, (31, 30, 29, 10, 10), 2, (23, 31, 29, 9, 10), 1, (23, 23, 19, 9, 10), 1, (31, 23, 29, 10, 10)]","[0.02933, 0.04267, 0.034, 0.034, -0.044, -0.00933, 0.01733, -0.012, 0.06533, 0.004, -0.05467, -0.0, 0.02267, 0.02267]","[(None, 47, None, 13, None), (None, None, 46, 12, None), (38, None, None, None, None), (23, None, None, None, None), 'specific_part']",0.15159065099942381,0.6363636363636364,0.875,"[0.04213, 0.07173, 0.03309, 0.03309, -0.02949, 0.00144, 0.00144, -0.00939, 0.01291, -0.00827, 0.31459, 0.21349, -0.0464, -0.09296, -0.09296]","[(None, None, 46, 12, None), (38, None, None, None, None), 'specific_part']",3.0448962089994893,0.8181818181818181,0.875
,,,0.1662640809200093,0.6581818181818184,0.8364166666666667,,,4.078371801939938,0.7909090909090911,0.8460416666666665,,
,,,0.04091589144912006,0.07619027941729806,0.10705596277959796,,,0.8123951831936768,0.04723774929733298,0.06940314744303748,,
